pais,fecha,mes_muestra,rank,artist_names,artist_01,artist_02,artist_03,artist_04,artist_05,artist_06,artist_07,artist_08,artist_09,artist_10,nacionalidad_01,nacionalidad_02,nacionalidad_03,nacionalidad_04,nacionalidad_05,nacionalidad_06,nacionalidad_07,nacionalidad_08,nacionalidad_09,nacionalidad_10,track_name,source,peak_rank,previous_rank,weeks_on_chart,streams
Argentina,2025/11/06,noviembre_2025,1,"Roze Oficial, Max Carra, Valen, RAMKY EN LOS CONTROLES",Roze Oficial,Max Carra,Valen,RAMKY EN LOS CONTROLES,NA,NA,NA,NA,NA,NA,Argentina,Argentina,Argentina,Argentina,NA,NA,NA,NA,NA,NA,Tu jardín con enanitos,Sony Music Uruguay,1,1,24,2468159
Argentina,2025/11/06,noviembre_2025,2,"Young Cister, Kreamly",Young Cister,Kreamly,NA,NA,NA,NA,NA,NA,NA,NA,Chile,Chile,NA,NA,NA,NA,NA,NA,NA,NA,QLOO*,Sony Music Entertainment Chile S.A,2,2,19,1671001
Argentina,2025/11/06,noviembre_2025,3,Rels B,Rels B,NA,NA,NA,NA,NA,NA,NA,NA,NA,España,NA,NA,NA,NA,NA,NA,NA,NA,NA,TU VAS SIN (fav),DALE PLAY Records / Flakk Team,3,3,16,1522062
Argentina,2025/11/06,noviembre_2025,4,"Ovy On The Drums, Quevedo, Beéle",Ovy On The Drums,Quevedo,Beéle,NA,NA,NA,NA,NA,NA,NA,Colombia,España,Colombia,NA,NA,NA,NA,NA,NA,NA,YO y TÚ,WEA Latina,4,7,21,1388321
Argentina,2025/11/06,noviembre_2025,5,"Jere Klein, Katteyes, Mateo on the Beatz",Jere Klein,Katteyes,Mateo on the Beatz,NA,NA,NA,NA,NA,NA,NA,Chile,Chile,Chile,NA,NA,NA,NA,NA,NA,NA,TODO KE VER,2025 JERE KLEIN,3,5,12,1339339
Argentina,2025/11/06,noviembre_2025,6,Milo j,Milo j,NA,NA,NA,NA,NA,NA,NA,NA,NA,Argentina,NA,NA,NA,NA,NA,NA,NA,NA,NA,Niño,Sony Music Latin,6,6,6,1289728
Argentina,2025/11/06,noviembre_2025,7,"W Sound, Beéle, Ovy On The Drums",W Sound,Beéle,Ovy On The Drums,NA,NA,NA,NA,NA,NA,NA,Colombia,Colombia,Colombia,NA,NA,NA,NA,NA,NA,NA,La Plena - W Sound 05,WEA Latina,1,4,36,1259847
Argentina,2025/11/06,noviembre_2025,8,"Luck Ra, Miranda!",Luck Ra,Miranda!,NA,NA,NA,NA,NA,NA,NA,NA,Argentina,Argentina,NA,NA,NA,NA,NA,NA,NA,NA,TU MISTERIOSO ALGUIEN (CUARTETO) (feat. Miranda!),Sony Music Latin,2,10,8,1145166
Argentina,2025/11/06,noviembre_2025,9,"Maria Becerra, TINI, XROSS",Maria Becerra,TINI,XROSS,NA,NA,NA,NA,NA,NA,NA,Argentina,Argentina,Argentina,NA,NA,NA,NA,NA,NA,NA,HASTA QUE ME ENAMORO,WEA Latina,9,24,7,1144903
Argentina,2025/11/06,noviembre_2025,10,"Easykid, Dysbit",Easykid,Dysbit,NA,NA,NA,NA,NA,NA,NA,NA,Chile,Chile,NA,NA,NA,NA,NA,NA,NA,NA,Shiny,Easykid,6,9,9,1137150
Argentina,2025/11/06,noviembre_2025,11,"Myke Towers, Quevedo",Myke Towers,Quevedo,NA,NA,NA,NA,NA,NA,NA,NA,Puerto Rico,España,NA,NA,NA,NA,NA,NA,NA,NA,SOLEAO,WEA Latina,4,11,23,1075097
Argentina,2025/11/06,noviembre_2025,12,Miranda!,Miranda!,NA,NA,NA,NA,NA,NA,NA,NA,NA,Argentina,NA,NA,NA,NA,NA,NA,NA,NA,NA,Tu Misterioso Alguien,Pelo Music,1,12,17,1059313
Argentina,2025/11/06,noviembre_2025,13,"La T y La M, Malandro",La T y La M,Malandro,NA,NA,NA,NA,NA,NA,NA,NA,Argentina,Argentina,NA,NA,NA,NA,NA,NA,NA,NA,Amor de Vago,GraceMusic,1,19,61,1051424
Argentina,2025/11/06,noviembre_2025,14,Beéle,Beéle,NA,NA,NA,NA,NA,NA,NA,NA,NA,Colombia,NA,NA,NA,NA,NA,NA,NA,NA,NA,no tiene sentido,5020 Records,8,8,24,1021931
Argentina,2025/11/06,noviembre_2025,15,Babasonicos,Babasonicos,NA,NA,NA,NA,NA,NA,NA,NA,NA,Argentina,NA,NA,NA,NA,NA,NA,NA,NA,NA,Como Eran Las Cosas,Universal Music Argentina S.A.,11,16,138,1018107
Argentina,2025/11/06,noviembre_2025,16,"Alleh, Yorghaki",Alleh,Yorghaki,NA,NA,NA,NA,NA,NA,NA,NA,Venezuela,Venezuela,NA,NA,NA,NA,NA,NA,NA,NA,capaz (merengueton),La Ciudad,3,15,43,961963
Argentina,2025/11/06,noviembre_2025,17,"Bad Bunny, Omar Courtz, Dei V",Bad Bunny,Omar Courtz,Dei V,NA,NA,NA,NA,NA,NA,NA,Puerto Rico,Puerto Rico,Puerto Rico,NA,NA,NA,NA,NA,NA,NA,VeLDÁ,Rimas Entertainment LLC.,6,18,44,941726
Argentina,2025/11/06,noviembre_2025,18,Max Carra,Max Carra,NA,NA,NA,NA,NA,NA,NA,NA,NA,Argentina,NA,NA,NA,NA,NA,NA,NA,NA,NA,UWAIE - versión cumbia,Max Carra,9,13,40,902071
Argentina,2025/11/06,noviembre_2025,19,Taylor Swift,Taylor Swift,NA,NA,NA,NA,NA,NA,NA,NA,NA,Estados Unidos,NA,NA,NA,NA,NA,NA,NA,NA,NA,The Fate of Ophelia,Taylor Swift,2,14,5,896204
Argentina,2025/11/06,noviembre_2025,20,"Blessd, Anuel AA, Yan Block, Luar La L, Kris R., ROA",Blessd,Anuel AA,Yan Block,Luar La L,Kris R.,ROA,NA,NA,NA,NA,Colombia,Puerto Rico,Puerto Rico,Puerto Rico,Colombia,Puerto Rico,NA,NA,NA,NA,"YOGURCITO REMIX (feat. Kris R., ROA)",WEA Latina,20,27,10,895127
Argentina,2025/11/06,noviembre_2025,21,Cazzu,Cazzu,NA,NA,NA,NA,NA,NA,NA,NA,NA,Argentina,NA,NA,NA,NA,NA,NA,NA,NA,NA,Con Otra,DALE PLAY Records / RIMAS Entertainment LLC,6,26,33,873005
Argentina,2025/11/06,noviembre_2025,22,"Maria Becerra, XROSS",Maria Becerra,XROSS,NA,NA,NA,NA,NA,NA,NA,NA,Argentina,Argentina,NA,NA,NA,NA,NA,NA,NA,NA,JOJO,WEA Latina,22,-1,1,868406
Argentina,2025/11/06,noviembre_2025,23,Airbag,Airbag,NA,NA,NA,NA,NA,NA,NA,NA,NA,Argentina,NA,NA,NA,NA,NA,NA,NA,NA,NA,Por Mil Noches,DALE PLAY Records / Airbag,18,29,303,861015
Argentina,2025/11/06,noviembre_2025,24,Tan Bionica,Tan Bionica,NA,NA,NA,NA,NA,NA,NA,NA,NA,Argentina,NA,NA,NA,NA,NA,NA,NA,NA,NA,Obsesionario en La Mayor,DALE PLAY Records,24,98,126,860504
Argentina,2025/11/06,noviembre_2025,25,Jin,Jin,NA,NA,NA,NA,NA,NA,NA,NA,NA,Corea del Sur,NA,NA,NA,NA,NA,NA,NA,NA,NA,Don’t Say You Love Me,BIGHIT MUSIC,17,17,25,859405
Argentina,2025/11/06,noviembre_2025,26,"El Bogueto, Yung Beef",El Bogueto,Yung Beef,NA,NA,NA,NA,NA,NA,NA,NA,Mexico,España,NA,NA,NA,NA,NA,NA,NA,NA,Cuando No Era Cantante,Candela Music,26,49,5,839572
Argentina,2025/11/06,noviembre_2025,27,Tan Bionica,Tan Bionica,NA,NA,NA,NA,NA,NA,NA,NA,NA,Argentina,NA,NA,NA,NA,NA,NA,NA,NA,NA,El Problema Del Amor,DALE PLAY Records,27,-1,1,828270
Argentina,2025/11/06,noviembre_2025,28,"Milo j, Trueno",Milo j,Trueno,NA,NA,NA,NA,NA,NA,NA,NA,Argentina,Argentina,NA,NA,NA,NA,NA,NA,NA,NA,Gil,Sony Music Latin,17,20,6,815243
Argentina,2025/11/06,noviembre_2025,29,"Yan Block, Panda Black",Yan Block,Panda Black,NA,NA,NA,NA,NA,NA,NA,NA,Puerto Rico,Puerto Rico,NA,NA,NA,NA,NA,NA,NA,NA,444,SONAR LLC.,25,33,39,812654
Argentina,2025/11/06,noviembre_2025,30,TINI,TINI,NA,NA,NA,NA,NA,NA,NA,NA,NA,Argentina,NA,NA,NA,NA,NA,NA,NA,NA,NA,Una Noche Más,5020 Records,27,28,4,812462
Argentina,2025/11/06,noviembre_2025,31,"Bad Bunny, Ozuna, Farruko, Arcángel, Ñengo Flow, DJ Luian, Mambo Kingz",Bad Bunny,Ozuna,Farruko,Arcángel,Ñengo Flow,DJ Luian,Mambo Kingz,NA,NA,NA,Puerto Rico,Puerto Rico,Puerto Rico,Puerto Rico,Puerto Rico,Puerto Rico,Puerto Rico,NA,NA,NA,Diles,Rimas Entertainment LLC,25,25,93,810284
Argentina,2025/11/06,noviembre_2025,32,"Rauw Alejandro, Bad Bunny",Rauw Alejandro,Bad Bunny,NA,NA,NA,NA,NA,NA,NA,NA,Puerto Rico,Puerto Rico,NA,NA,NA,NA,NA,NA,NA,NA,Qué Pasaría...,Sony Music Latin/Duars Entertainment,14,22,51,810026
Argentina,2025/11/06,noviembre_2025,33,"Tiago PZK, Ke Personajes",Tiago PZK,Ke Personajes,NA,NA,NA,NA,NA,NA,NA,NA,Argentina,Argentina,NA,NA,NA,NA,NA,NA,NA,NA,Piel,WEA Latina,2,40,92,805683
Argentina,2025/11/06,noviembre_2025,34,"Yan Block, TORRRES",Yan Block,TORRRES,NA,NA,NA,NA,NA,NA,NA,NA,Puerto Rico,Puerto Rico,NA,NA,NA,NA,NA,NA,NA,NA,Yo sé,SONAR LLC.,11,36,44,771312
Argentina,2025/11/06,noviembre_2025,35,Plan B,Plan B,NA,NA,NA,NA,NA,NA,NA,NA,NA,Puerto Rico,NA,NA,NA,NA,NA,NA,NA,NA,NA,Es un Secreto,Pina Records,28,34,156,766215
Argentina,2025/11/06,noviembre_2025,36,"Emilia, TINI, Nicki Nicole",Emilia,TINI,Nicki Nicole,NA,NA,NA,NA,NA,NA,NA,Argentina,Argentina,Argentina,NA,NA,NA,NA,NA,NA,NA,blackout 🧊,Sony Music Latin,1,44,33,747108
Argentina,2025/11/06,noviembre_2025,37,Plan B,Plan B,NA,NA,NA,NA,NA,NA,NA,NA,NA,Puerto Rico,NA,NA,NA,NA,NA,NA,NA,NA,NA,Fronteo,Pina Records,9,63,21,744733
Argentina,2025/11/06,noviembre_2025,38,"Beéle, Ovy On The Drums",Beéle,Ovy On The Drums,NA,NA,NA,NA,NA,NA,NA,NA,Colombia,Colombia,NA,NA,NA,NA,NA,NA,NA,NA,mi refe,5020 Records,20,21,44,724826
Argentina,2025/11/06,noviembre_2025,39,Beéle,Beéle,NA,NA,NA,NA,NA,NA,NA,NA,NA,Colombia,NA,NA,NA,NA,NA,NA,NA,NA,NA,si te pillara,5020 Records,16,23,19,722748
Argentina,2025/11/06,noviembre_2025,40,Bad Bunny,Bad Bunny,NA,NA,NA,NA,NA,NA,NA,NA,NA,Puerto Rico,NA,NA,NA,NA,NA,NA,NA,NA,NA,BAILE INoLVIDABLE,Rimas Entertainment LLC.,1,32,44,716532
Argentina,2025/11/06,noviembre_2025,41,"No Te Va Gustar, Juan Casanova",No Te Va Gustar,Juan Casanova,NA,NA,NA,NA,NA,NA,NA,NA,Uruguay,Uruguay,NA,NA,NA,NA,NA,NA,NA,NA,Tan Lejos,Elefante Blanco,28,35,171,711112
Argentina,2025/11/06,noviembre_2025,42,Airbag,Airbag,NA,NA,NA,NA,NA,NA,NA,NA,NA,Argentina,NA,NA,NA,NA,NA,NA,NA,NA,NA,Pensamientos,Pop Art,42,54,36,692967
Argentina,2025/11/06,noviembre_2025,43,"DENNIS, Luísa Sonza, Emilia",DENNIS,Luísa Sonza,Emilia,NA,NA,NA,NA,NA,NA,NA,Brasil,Brasil,Argentina,NA,NA,NA,NA,NA,NA,NA,MOTINHA 2.0 (Mete Marcha) - Remix,Sony Music Entertainment Brasil / 5020 Records,3,37,28,692553
Argentina,2025/11/06,noviembre_2025,44,No Te Va Gustar,No Te Va Gustar,NA,NA,NA,NA,NA,NA,NA,NA,NA,Uruguay,NA,NA,NA,NA,NA,NA,NA,NA,NA,A las Nueve,Elefante Blanco,27,42,358,692001
Argentina,2025/11/06,noviembre_2025,45,TINI,TINI,NA,NA,NA,NA,NA,NA,NA,NA,NA,Argentina,NA,NA,NA,NA,NA,NA,NA,NA,NA,Down,5020 Records,30,30,2,683708
Argentina,2025/11/06,noviembre_2025,46,Angela Torres,Angela Torres,NA,NA,NA,NA,NA,NA,NA,NA,NA,Argentina,NA,NA,NA,NA,NA,NA,NA,NA,NA,FAVORITA,Sony Music Uruguay,23,39,8,678794
Argentina,2025/11/06,noviembre_2025,47,Milo j,Milo j,NA,NA,NA,NA,NA,NA,NA,NA,NA,Argentina,NA,NA,NA,NA,NA,NA,NA,NA,NA,Bajo De La Piel,Sony Music Latin,15,31,9,659900
Argentina,2025/11/06,noviembre_2025,48,"Yan Block, De La Rose, Hades66, Ñengo Flow",Yan Block,De La Rose,Hades66,Ñengo Flow,NA,NA,NA,NA,NA,NA,Puerto Rico,Puerto Rico,Puerto Rico,Puerto Rico,NA,NA,NA,NA,NA,NA,444 - Remix,SONAR LLC.,48,-1,1,646902
Argentina,2025/11/06,noviembre_2025,49,"Bizarrap, Daddy Yankee",Bizarrap,Daddy Yankee,NA,NA,NA,NA,NA,NA,NA,NA,Argentina,Puerto Rico,NA,NA,NA,NA,NA,NA,NA,NA,"Daddy Yankee: Bzrp Music Sessions, Vol. 0/66",DALE PLAY Records,49,-1,1,626025
Argentina,2025/11/06,noviembre_2025,50,"Lali, Miranda!",Lali,Miranda!,NA,NA,NA,NA,NA,NA,NA,NA,Argentina,Argentina,NA,NA,NA,NA,NA,NA,NA,NA,MEJOR QUE VOS,Sony Music Argentina,10,41,39,625228
Argentina,2025/12/04,diciembre_2025,1,"ROSALÍA, Yahritza Y Su Esencia",ROSALÍA,Yahritza Y Su Esencia,NA,NA,NA,NA,NA,NA,NA,NA,España,Estados Unidos,NA,NA,NA,NA,NA,NA,NA,NA,La Perla,Columbia,1,6,4,3227808
Argentina,2025/12/04,diciembre_2025,2,"Roze Oficial, Max Carra, Valen, RAMKY EN LOS CONTROLES",Roze Oficial,Max Carra,Valen,RAMKY EN LOS CONTROLES,NA,NA,NA,NA,NA,NA,Argentina,Argentina,Argentina,Argentina,NA,NA,NA,NA,NA,NA,Tu jardín con enanitos,Sony Music Uruguay,1,1,28,2165730
Argentina,2025/12/04,diciembre_2025,3,"El Bogueto, Yung Beef",El Bogueto,Yung Beef,NA,NA,NA,NA,NA,NA,NA,NA,Mexico,España,NA,NA,NA,NA,NA,NA,NA,NA,Cuando No Era Cantante,Candela Music,3,4,9,1946434
Argentina,2025/12/04,diciembre_2025,4,"Bizarrap, Daddy Yankee",Bizarrap,Daddy Yankee,NA,NA,NA,NA,NA,NA,NA,NA,Argentina,Puerto Rico,NA,NA,NA,NA,NA,NA,NA,NA,"Daddy Yankee: Bzrp Music Sessions, Vol. 0/66",DALE PLAY Records,1,2,5,1909611
Argentina,2025/12/04,diciembre_2025,5,Rels B,Rels B,NA,NA,NA,NA,NA,NA,NA,NA,NA,España,NA,NA,NA,NA,NA,NA,NA,NA,NA,TU VAS SIN (fav),DALE PLAY Records / Flakk Team,3,3,20,1778216
Argentina,2025/12/04,diciembre_2025,6,"Young Cister, Kreamly",Young Cister,Kreamly,NA,NA,NA,NA,NA,NA,NA,NA,Chile,Chile,NA,NA,NA,NA,NA,NA,NA,NA,QLOO*,Sony Music Entertainment Chile S.A,2,5,23,1362499
Argentina,2025/12/04,diciembre_2025,7,"Ovy On The Drums, Quevedo, Beéle",Ovy On The Drums,Quevedo,Beéle,NA,NA,NA,NA,NA,NA,NA,Colombia,España,Colombia,NA,NA,NA,NA,NA,NA,NA,YO y TÚ,WEA Latina,4,7,25,1306046
Argentina,2025/12/04,diciembre_2025,8,"W Sound, Beéle, Ovy On The Drums",W Sound,Beéle,Ovy On The Drums,NA,NA,NA,NA,NA,NA,NA,Colombia,Colombia,Colombia,NA,NA,NA,NA,NA,NA,NA,La Plena - W Sound 05,WEA Latina,1,9,40,1302002
Argentina,2025/12/04,diciembre_2025,9,Milo j,Milo j,NA,NA,NA,NA,NA,NA,NA,NA,NA,Argentina,NA,NA,NA,NA,NA,NA,NA,NA,NA,Niño,Sony Music Latin,6,10,10,1242539
Argentina,2025/12/04,diciembre_2025,10,"Myke Towers, Quevedo",Myke Towers,Quevedo,NA,NA,NA,NA,NA,NA,NA,NA,Puerto Rico,España,NA,NA,NA,NA,NA,NA,NA,NA,SOLEAO,WEA Latina,4,11,27,1140530
Argentina,2025/12/04,diciembre_2025,11,"Jere Klein, Katteyes, Mateo on the Beatz",Jere Klein,Katteyes,Mateo on the Beatz,NA,NA,NA,NA,NA,NA,NA,Chile,Chile,Chile,NA,NA,NA,NA,NA,NA,NA,TODO KE VER,2025 JERE KLEIN,3,15,16,1078943
Argentina,2025/12/04,diciembre_2025,12,"Maria Becerra, TINI, XROSS",Maria Becerra,TINI,XROSS,NA,NA,NA,NA,NA,NA,NA,Argentina,Argentina,Argentina,NA,NA,NA,NA,NA,NA,NA,HASTA QUE ME ENAMORO,WEA Latina,8,8,11,1063744
Argentina,2025/12/04,diciembre_2025,13,"Blessd, Anuel AA, Yan Block, Luar La L, Kris R., ROA",Blessd,Anuel AA,Yan Block,Luar La L,Kris R.,ROA,NA,NA,NA,NA,Colombia,Puerto Rico,Puerto Rico,Puerto Rico,Colombia,Puerto Rico,NA,NA,NA,NA,"YOGURCITO REMIX (feat. Kris R., ROA)",WEA Latina,13,13,14,1044922
Argentina,2025/12/04,diciembre_2025,14,ROSALÍA,ROSALÍA,NA,NA,NA,NA,NA,NA,NA,NA,NA,España,NA,NA,NA,NA,NA,NA,NA,NA,NA,Reliquia,Columbia,14,72,4,1027350
Argentina,2025/12/04,diciembre_2025,15,"La T y La M, Malandro",La T y La M,Malandro,NA,NA,NA,NA,NA,NA,NA,NA,Argentina,Argentina,NA,NA,NA,NA,NA,NA,NA,NA,Amor de Vago,GraceMusic,1,18,65,968793
Argentina,2025/12/04,diciembre_2025,16,"Alleh, Yorghaki",Alleh,Yorghaki,NA,NA,NA,NA,NA,NA,NA,NA,Venezuela,Venezuela,NA,NA,NA,NA,NA,NA,NA,NA,capaz (merengueton),La Ciudad,3,19,47,955506
Argentina,2025/12/04,diciembre_2025,17,Miranda!,Miranda!,NA,NA,NA,NA,NA,NA,NA,NA,NA,Argentina,NA,NA,NA,NA,NA,NA,NA,NA,NA,Tu Misterioso Alguien,Pelo Music,1,12,21,951106
Argentina,2025/12/04,diciembre_2025,18,"Luck Ra, Miranda!",Luck Ra,Miranda!,NA,NA,NA,NA,NA,NA,NA,NA,Argentina,Argentina,NA,NA,NA,NA,NA,NA,NA,NA,TU MISTERIOSO ALGUIEN (CUARTETO) (feat. Miranda!),Sony Music Latin,2,17,12,946236
Argentina,2025/12/04,diciembre_2025,19,Beéle,Beéle,NA,NA,NA,NA,NA,NA,NA,NA,NA,Colombia,NA,NA,NA,NA,NA,NA,NA,NA,NA,no tiene sentido,5020 Records,8,21,28,891562
Argentina,2025/12/04,diciembre_2025,20,"ROSALÍA, Björk, Yves Tumor",ROSALÍA,Björk,Yves Tumor,NA,NA,NA,NA,NA,NA,NA,España,Islandia,Estados Unidos,NA,NA,NA,NA,NA,NA,NA,Berghain,Columbia,20,94,6,885935
Argentina,2025/12/04,diciembre_2025,21,Max Carra,Max Carra,NA,NA,NA,NA,NA,NA,NA,NA,NA,Argentina,NA,NA,NA,NA,NA,NA,NA,NA,NA,UWAIE - versión cumbia,Max Carra,9,28,44,881291
Argentina,2025/12/04,diciembre_2025,22,Airbag,Airbag,NA,NA,NA,NA,NA,NA,NA,NA,NA,Argentina,NA,NA,NA,NA,NA,NA,NA,NA,NA,Pensamientos,Pop Art,22,27,40,875543
Argentina,2025/12/04,diciembre_2025,23,"Easykid, Dysbit",Easykid,Dysbit,NA,NA,NA,NA,NA,NA,NA,NA,Chile,Chile,NA,NA,NA,NA,NA,NA,NA,NA,Shiny,Easykid,6,23,13,865622
Argentina,2025/12/04,diciembre_2025,24,"Maria Becerra, XROSS",Maria Becerra,XROSS,NA,NA,NA,NA,NA,NA,NA,NA,Argentina,Argentina,NA,NA,NA,NA,NA,NA,NA,NA,JOJO,WEA Latina,14,14,5,843378
Argentina,2025/12/04,diciembre_2025,25,Bad Bunny,Bad Bunny,NA,NA,NA,NA,NA,NA,NA,NA,NA,Puerto Rico,NA,NA,NA,NA,NA,NA,NA,NA,NA,BAILE INoLVIDABLE,Rimas Entertainment LLC.,1,33,48,840587
Argentina,2025/12/04,diciembre_2025,26,Babasonicos,Babasonicos,NA,NA,NA,NA,NA,NA,NA,NA,NA,Argentina,NA,NA,NA,NA,NA,NA,NA,NA,NA,Como Eran Las Cosas,Universal Music Argentina S.A.,11,24,142,835461
Argentina,2025/12/04,diciembre_2025,27,"Bad Bunny, Omar Courtz, Dei V",Bad Bunny,Omar Courtz,Dei V,NA,NA,NA,NA,NA,NA,NA,Puerto Rico,Puerto Rico,Puerto Rico,NA,NA,NA,NA,NA,NA,NA,VeLDÁ,Rimas Entertainment LLC.,6,25,48,828434
Argentina,2025/12/04,diciembre_2025,28,"Maria Becerra, El Alfa, XROSS",Maria Becerra,El Alfa,XROSS,NA,NA,NA,NA,NA,NA,NA,Argentina,Republica Dominicana,Argentina,NA,NA,NA,NA,NA,NA,NA,HACE CALOR,WEA Latina,16,16,2,824463
Argentina,2025/12/04,diciembre_2025,29,Cazzu,Cazzu,NA,NA,NA,NA,NA,NA,NA,NA,NA,Argentina,NA,NA,NA,NA,NA,NA,NA,NA,NA,Con Otra,DALE PLAY Records / RIMAS Entertainment LLC,6,20,37,818449
Argentina,2025/12/04,diciembre_2025,30,Airbag,Airbag,NA,NA,NA,NA,NA,NA,NA,NA,NA,Argentina,NA,NA,NA,NA,NA,NA,NA,NA,NA,Por Mil Noches,DALE PLAY Records / Airbag,18,22,307,814703
Argentina,2025/12/04,diciembre_2025,31,ROSALÍA,ROSALÍA,NA,NA,NA,NA,NA,NA,NA,NA,NA,España,NA,NA,NA,NA,NA,NA,NA,NA,NA,"Sexo, Violencia y Llantas",Columbia,31,160,4,814297
Argentina,2025/12/04,diciembre_2025,32,"Yan Block, Panda Black",Yan Block,Panda Black,NA,NA,NA,NA,NA,NA,NA,NA,Puerto Rico,Puerto Rico,NA,NA,NA,NA,NA,NA,NA,NA,444,SONAR LLC.,24,31,43,764220
Argentina,2025/12/04,diciembre_2025,33,Taylor Swift,Taylor Swift,NA,NA,NA,NA,NA,NA,NA,NA,NA,Estados Unidos,NA,NA,NA,NA,NA,NA,NA,NA,NA,The Fate of Ophelia,Taylor Swift,2,34,9,759603
Argentina,2025/12/04,diciembre_2025,34,Jin,Jin,NA,NA,NA,NA,NA,NA,NA,NA,NA,Corea del Sur,NA,NA,NA,NA,NA,NA,NA,NA,NA,Don’t Say You Love Me,BIGHIT MUSIC,17,36,29,754945
Argentina,2025/12/04,diciembre_2025,35,"Bad Bunny, Ozuna, Farruko, Arcángel, Ñengo Flow, DJ Luian, Mambo Kingz",Bad Bunny,Ozuna,Farruko,Arcángel,Ñengo Flow,DJ Luian,Mambo Kingz,NA,NA,NA,Puerto Rico,Puerto Rico,Puerto Rico,Puerto Rico,Puerto Rico,Puerto Rico,Puerto Rico,NA,NA,NA,Diles,Rimas Entertainment LLC,25,29,97,753410
Argentina,2025/12/04,diciembre_2025,36,"Beéle, Ovy On The Drums",Beéle,Ovy On The Drums,NA,NA,NA,NA,NA,NA,NA,NA,Colombia,Colombia,NA,NA,NA,NA,NA,NA,NA,NA,mi refe,5020 Records,20,26,48,752241
Argentina,2025/12/04,diciembre_2025,37,"DobleP, Peipper, Locura Mix, VERNAZ",DobleP,Peipper,Locura Mix,VERNAZ,NA,NA,NA,NA,NA,NA,Argentina,Argentina,Argentina,Argentina,NA,NA,NA,NA,NA,NA,PUTERÍ4,DALE PLAY Records / Wesaisons Records,37,41,4,739546
Argentina,2025/12/04,diciembre_2025,38,Zion & Lennox,Zion & Lennox,NA,NA,NA,NA,NA,NA,NA,NA,NA,Puerto Rico,NA,NA,NA,NA,NA,NA,NA,NA,NA,La player (Bandolera),WEA Latina,12,39,75,736867
Argentina,2025/12/04,diciembre_2025,39,"Milo j, Trueno",Milo j,Trueno,NA,NA,NA,NA,NA,NA,NA,NA,Argentina,Argentina,NA,NA,NA,NA,NA,NA,NA,NA,Gil,Sony Music Latin,17,45,10,730909
Argentina,2025/12/04,diciembre_2025,40,Babasonicos,Babasonicos,NA,NA,NA,NA,NA,NA,NA,NA,NA,Argentina,NA,NA,NA,NA,NA,NA,NA,NA,NA,Irresponsables,Pop Art,30,30,96,726945
Argentina,2025/12/04,diciembre_2025,41,"Rauw Alejandro, Bad Bunny",Rauw Alejandro,Bad Bunny,NA,NA,NA,NA,NA,NA,NA,NA,Puerto Rico,Puerto Rico,NA,NA,NA,NA,NA,NA,NA,NA,Qué Pasaría...,Sony Music Latin/Duars Entertainment,14,53,55,722046
Argentina,2025/12/04,diciembre_2025,42,Airbag,Airbag,NA,NA,NA,NA,NA,NA,NA,NA,NA,Argentina,NA,NA,NA,NA,NA,NA,NA,NA,NA,Nunca Lo Olvides,DALE PLAY Records,40,44,54,717465
Argentina,2025/12/04,diciembre_2025,43,"Héctor ""El Father"", Wisin & Yandel","Héctor ""El Father""",Wisin & Yandel,NA,NA,NA,NA,NA,NA,NA,NA,Puerto Rico,Puerto Rico,NA,NA,NA,NA,NA,NA,NA,NA,El Teléfono,Machete Music,43,51,9,714781
Argentina,2025/12/04,diciembre_2025,44,Plan B,Plan B,NA,NA,NA,NA,NA,NA,NA,NA,NA,Puerto Rico,NA,NA,NA,NA,NA,NA,NA,NA,NA,Fronteo,Pina Records,9,50,25,698269
Argentina,2025/12/04,diciembre_2025,45,"Maria Becerra, Rei, XROSS",Maria Becerra,Rei,XROSS,NA,NA,NA,NA,NA,NA,NA,Argentina,Argentina,Argentina,NA,NA,NA,NA,NA,NA,NA,MI AMOR,WEA Latina,40,40,2,679895
Argentina,2025/12/04,diciembre_2025,46,"Tiago PZK, Ke Personajes",Tiago PZK,Ke Personajes,NA,NA,NA,NA,NA,NA,NA,NA,Argentina,Argentina,NA,NA,NA,NA,NA,NA,NA,NA,Piel,WEA Latina,2,49,96,674656
Argentina,2025/12/04,diciembre_2025,47,"Emilia, TINI, Nicki Nicole",Emilia,TINI,Nicki Nicole,NA,NA,NA,NA,NA,NA,NA,Argentina,Argentina,Argentina,NA,NA,NA,NA,NA,NA,NA,blackout 🧊,Sony Music Latin,1,35,37,673657
Argentina,2025/12/04,diciembre_2025,48,Tan Bionica,Tan Bionica,NA,NA,NA,NA,NA,NA,NA,NA,NA,Argentina,NA,NA,NA,NA,NA,NA,NA,NA,NA,Obsesionario en La Mayor,DALE PLAY Records,24,43,130,661393
Argentina,2025/12/04,diciembre_2025,49,Angela Torres,Angela Torres,NA,NA,NA,NA,NA,NA,NA,NA,NA,Argentina,NA,NA,NA,NA,NA,NA,NA,NA,NA,FAVORITA,Sony Music Uruguay,23,56,12,636972
Argentina,2025/12/04,diciembre_2025,50,No Te Va Gustar,No Te Va Gustar,NA,NA,NA,NA,NA,NA,NA,NA,NA,Uruguay,NA,NA,NA,NA,NA,NA,NA,NA,NA,A las Nueve,Elefante Blanco,27,52,362,634976
Argentina,2026/01/08,enero_2026,1,"El Bogueto, Yung Beef",El Bogueto,Yung Beef,NA,NA,NA,NA,NA,NA,NA,NA,Mexico,España,NA,NA,NA,NA,NA,NA,NA,NA,Cuando No Era Cantante,Candela Music,1,2,14,2121224
Argentina,2026/01/08,enero_2026,2,"ROSALÍA, Yahritza Y Su Esencia",ROSALÍA,Yahritza Y Su Esencia,NA,NA,NA,NA,NA,NA,NA,NA,España,Estados Unidos,NA,NA,NA,NA,NA,NA,NA,NA,La Perla,Columbia,1,4,9,1894868
Argentina,2026/01/08,enero_2026,3,"Roze Oficial, Max Carra, Valen, RAMKY EN LOS CONTROLES",Roze Oficial,Max Carra,Valen,RAMKY EN LOS CONTROLES,NA,NA,NA,NA,NA,NA,Argentina,Argentina,Argentina,Argentina,NA,NA,NA,NA,NA,NA,Tu jardín con enanitos,Sony Music Uruguay,1,1,33,1886481
Argentina,2026/01/08,enero_2026,4,La T y La M,La T y La M,NA,NA,NA,NA,NA,NA,NA,NA,NA,Argentina,NA,NA,NA,NA,NA,NA,NA,NA,NA,Soy Favela,Sony Music Uruguay,3,3,5,1678702
Argentina,2026/01/08,enero_2026,5,Rels B,Rels B,NA,NA,NA,NA,NA,NA,NA,NA,NA,España,NA,NA,NA,NA,NA,NA,NA,NA,NA,TU VAS SIN (fav),DALE PLAY Records / Flakk Team,3,5,25,1554352
Argentina,2026/01/08,enero_2026,6,"W Sound, Beéle, Ovy On The Drums",W Sound,Beéle,Ovy On The Drums,NA,NA,NA,NA,NA,NA,NA,Colombia,Colombia,Colombia,NA,NA,NA,NA,NA,NA,NA,La Plena - W Sound 05,WEA Latina,1,7,45,1470603
Argentina,2026/01/08,enero_2026,7,"Bizarrap, Daddy Yankee",Bizarrap,Daddy Yankee,NA,NA,NA,NA,NA,NA,NA,NA,Argentina,Puerto Rico,NA,NA,NA,NA,NA,NA,NA,NA,"Daddy Yankee: Bzrp Music Sessions, Vol. 0/66",DALE PLAY Records,1,8,10,1364365
Argentina,2026/01/08,enero_2026,8,"La T y La M, Malandro",La T y La M,Malandro,NA,NA,NA,NA,NA,NA,NA,NA,Argentina,Argentina,NA,NA,NA,NA,NA,NA,NA,NA,Amor de Vago,GraceMusic,1,6,70,1359473
Argentina,2026/01/08,enero_2026,9,"Bizarrap, J Balvin",Bizarrap,J Balvin,NA,NA,NA,NA,NA,NA,NA,NA,Argentina,Colombia,NA,NA,NA,NA,NA,NA,NA,NA,"J Balvin: Bzrp Music Sessions, Vol. 62/66",DALE PLAY Records,9,14,2,1342301
Argentina,2026/01/08,enero_2026,10,Beéle,Beéle,NA,NA,NA,NA,NA,NA,NA,NA,NA,Colombia,NA,NA,NA,NA,NA,NA,NA,NA,NA,no tiene sentido,5020 Records,8,23,33,1278377
Argentina,2026/01/08,enero_2026,11,Max Carra,Max Carra,NA,NA,NA,NA,NA,NA,NA,NA,NA,Argentina,NA,NA,NA,NA,NA,NA,NA,NA,NA,UWAIE - versión cumbia,Max Carra,9,9,49,1273158
Argentina,2026/01/08,enero_2026,12,"El Bogueto, Anuel AA, Fuerza Regida, Yung Beef",El Bogueto,Anuel AA,Fuerza Regida,Yung Beef,NA,NA,NA,NA,NA,NA,Mexico,Puerto Rico,Mexico,España,NA,NA,NA,NA,NA,NA,Cuando No Era Cantante - Remix,El Bogueto,12,13,4,1208546
Argentina,2026/01/08,enero_2026,13,"Luck Ra, Miranda!",Luck Ra,Miranda!,NA,NA,NA,NA,NA,NA,NA,NA,Argentina,Argentina,NA,NA,NA,NA,NA,NA,NA,NA,TU MISTERIOSO ALGUIEN (CUARTETO) (feat. Miranda!),Sony Music Latin,2,10,17,1128439
Argentina,2026/01/08,enero_2026,14,Milo j,Milo j,NA,NA,NA,NA,NA,NA,NA,NA,NA,Argentina,NA,NA,NA,NA,NA,NA,NA,NA,NA,Niño,Sony Music Latin,6,16,15,1120199
Argentina,2026/01/08,enero_2026,15,Airbag,Airbag,NA,NA,NA,NA,NA,NA,NA,NA,NA,Argentina,NA,NA,NA,NA,NA,NA,NA,NA,NA,Pensamientos,Pop Art,15,24,45,1071926
Argentina,2026/01/08,enero_2026,16,Bad Bunny,Bad Bunny,NA,NA,NA,NA,NA,NA,NA,NA,NA,Puerto Rico,NA,NA,NA,NA,NA,NA,NA,NA,NA,BAILE INoLVIDABLE,Rimas Entertainment LLC.,1,15,53,1054588
Argentina,2026/01/08,enero_2026,17,Djo,Djo,NA,NA,NA,NA,NA,NA,NA,NA,NA,Estados Unidos,NA,NA,NA,NA,NA,NA,NA,NA,NA,End of Beginning,Djo,17,111,16,1008391
Argentina,2026/01/08,enero_2026,18,"Myke Towers, Quevedo",Myke Towers,Quevedo,NA,NA,NA,NA,NA,NA,NA,NA,Puerto Rico,España,NA,NA,NA,NA,NA,NA,NA,NA,SOLEAO,WEA Latina,4,20,32,1004085
Argentina,2026/01/08,enero_2026,19,"Beéle, Ovy On The Drums",Beéle,Ovy On The Drums,NA,NA,NA,NA,NA,NA,NA,NA,Colombia,Colombia,NA,NA,NA,NA,NA,NA,NA,NA,mi refe,5020 Records,19,42,53,971661
Argentina,2026/01/08,enero_2026,20,"Maria Becerra, TINI, XROSS",Maria Becerra,TINI,XROSS,NA,NA,NA,NA,NA,NA,NA,Argentina,Argentina,Argentina,NA,NA,NA,NA,NA,NA,NA,HASTA QUE ME ENAMORO,WEA Latina,8,27,16,967192
Argentina,2026/01/08,enero_2026,21,"Young Cister, Kreamly",Young Cister,Kreamly,NA,NA,NA,NA,NA,NA,NA,NA,Chile,Chile,NA,NA,NA,NA,NA,NA,NA,NA,QLOO*,Sony Music Entertainment Chile S.A,2,11,28,955694
Argentina,2026/01/08,enero_2026,22,"Alleh, Yorghaki",Alleh,Yorghaki,NA,NA,NA,NA,NA,NA,NA,NA,Venezuela,Venezuela,NA,NA,NA,NA,NA,NA,NA,NA,capaz (merengueton),La Ciudad,3,29,52,941596
Argentina,2026/01/08,enero_2026,23,"Bad Bunny, Omar Courtz, Dei V",Bad Bunny,Omar Courtz,Dei V,NA,NA,NA,NA,NA,NA,NA,Puerto Rico,Puerto Rico,Puerto Rico,NA,NA,NA,NA,NA,NA,NA,VeLDÁ,Rimas Entertainment LLC.,6,30,53,893569
Argentina,2026/01/08,enero_2026,24,"Luck Ra, Karina, RAMKY EN LOS CONTROLES",Luck Ra,Karina,RAMKY EN LOS CONTROLES,NA,NA,NA,NA,NA,NA,NA,Argentina,Argentina,Argentina,NA,NA,NA,NA,NA,NA,NA,LADRON,Sony Music Latin,18,18,4,877257
Argentina,2026/01/08,enero_2026,25,Cazzu,Cazzu,NA,NA,NA,NA,NA,NA,NA,NA,NA,Argentina,NA,NA,NA,NA,NA,NA,NA,NA,NA,Con Otra,DALE PLAY Records / RIMAS Entertainment LLC,6,17,42,855180
Argentina,2026/01/08,enero_2026,26,La T y La M,La T y La M,NA,NA,NA,NA,NA,NA,NA,NA,NA,Argentina,NA,NA,NA,NA,NA,NA,NA,NA,NA,No Se Va,GraceMusic,22,22,63,854604
Argentina,2026/01/08,enero_2026,27,"Ovy On The Drums, Quevedo, Beéle",Ovy On The Drums,Quevedo,Beéle,NA,NA,NA,NA,NA,NA,NA,Colombia,España,Colombia,NA,NA,NA,NA,NA,NA,NA,YO y TÚ,WEA Latina,4,12,30,833515
Argentina,2026/01/08,enero_2026,28,"Blessd, Anuel AA, Yan Block, Luar La L, Kris R., ROA",Blessd,Anuel AA,Yan Block,Luar La L,Kris R.,ROA,NA,NA,NA,NA,Colombia,Puerto Rico,Puerto Rico,Puerto Rico,Colombia,Puerto Rico,NA,NA,NA,NA,"YOGURCITO REMIX (feat. Kris R., ROA)",WEA Latina,13,35,19,829734
Argentina,2026/01/08,enero_2026,29,Babasonicos,Babasonicos,NA,NA,NA,NA,NA,NA,NA,NA,NA,Argentina,NA,NA,NA,NA,NA,NA,NA,NA,NA,Como Eran Las Cosas,Universal Music Argentina S.A.,11,41,147,829068
Argentina,2026/01/08,enero_2026,30,"Maria Becerra, El Alfa, XROSS",Maria Becerra,El Alfa,XROSS,NA,NA,NA,NA,NA,NA,NA,Argentina,Republica Dominicana,Argentina,NA,NA,NA,NA,NA,NA,NA,HACE CALOR,WEA Latina,16,38,7,822471
Argentina,2026/01/08,enero_2026,31,"Tincho & Javi, Max Carra",Tincho & Javi,Max Carra,NA,NA,NA,NA,NA,NA,NA,NA,Argentina,Argentina,NA,NA,NA,NA,NA,NA,NA,NA,Loco Enamorado I Varieté #4,Tincho Di Salvo,24,25,18,802529
Argentina,2026/01/08,enero_2026,32,"Ryan Castro, Kapo, Gangsta",Ryan Castro,Kapo,Gangsta,NA,NA,NA,NA,NA,NA,NA,Colombia,Colombia,Colombia,NA,NA,NA,NA,NA,NA,NA,LA VILLA,AWOO Corp./Sony Music Latin,32,-1,1,800091
Argentina,2026/01/08,enero_2026,33,"Tiago PZK, Ke Personajes",Tiago PZK,Ke Personajes,NA,NA,NA,NA,NA,NA,NA,NA,Argentina,Argentina,NA,NA,NA,NA,NA,NA,NA,NA,Piel,WEA Latina,2,26,101,798272
Argentina,2026/01/08,enero_2026,34,Airbag,Airbag,NA,NA,NA,NA,NA,NA,NA,NA,NA,Argentina,NA,NA,NA,NA,NA,NA,NA,NA,NA,Por Mil Noches,DALE PLAY Records / Airbag,18,32,312,794567
Argentina,2026/01/08,enero_2026,35,Bad Bunny,Bad Bunny,NA,NA,NA,NA,NA,NA,NA,NA,NA,Puerto Rico,NA,NA,NA,NA,NA,NA,NA,NA,NA,DtMF,Rimas Entertainment LLC.,1,33,53,776234
Argentina,2026/01/08,enero_2026,36,Tan Bionica,Tan Bionica,NA,NA,NA,NA,NA,NA,NA,NA,NA,Argentina,NA,NA,NA,NA,NA,NA,NA,NA,NA,Obsesionario en La Mayor,DALE PLAY Records,24,39,135,764619
Argentina,2026/01/08,enero_2026,37,Zion & Lennox,Zion & Lennox,NA,NA,NA,NA,NA,NA,NA,NA,NA,Puerto Rico,NA,NA,NA,NA,NA,NA,NA,NA,NA,La player (Bandolera),WEA Latina,12,52,80,761765
Argentina,2026/01/08,enero_2026,38,"Jere Klein, Katteyes, Mateo on the Beatz",Jere Klein,Katteyes,Mateo on the Beatz,NA,NA,NA,NA,NA,NA,NA,Chile,Chile,Chile,NA,NA,NA,NA,NA,NA,NA,TODO KE VER,2025 JERE KLEIN,3,31,21,749072
Argentina,2026/01/08,enero_2026,39,Bad Bunny,Bad Bunny,NA,NA,NA,NA,NA,NA,NA,NA,NA,Puerto Rico,NA,NA,NA,NA,NA,NA,NA,NA,NA,VOY A LLeVARTE PA PR,Rimas Entertainment LLC.,5,43,53,737164
Argentina,2026/01/08,enero_2026,40,"Luck Ra, BM",Luck Ra,BM,NA,NA,NA,NA,NA,NA,NA,NA,Argentina,Argentina,NA,NA,NA,NA,NA,NA,NA,NA,La Morocha,Sony Music Entertainment Chile S.A,1,19,131,729678
Argentina,2026/01/08,enero_2026,41,Miranda!,Miranda!,NA,NA,NA,NA,NA,NA,NA,NA,NA,Argentina,NA,NA,NA,NA,NA,NA,NA,NA,NA,Tu Misterioso Alguien,Pelo Music,1,37,26,700742
Argentina,2026/01/08,enero_2026,42,Bad Bunny,Bad Bunny,NA,NA,NA,NA,NA,NA,NA,NA,NA,Puerto Rico,NA,NA,NA,NA,NA,NA,NA,NA,NA,NO ME QUIERO CASAR,Rimas Entertainment LLC,42,107,5,689835
Argentina,2026/01/08,enero_2026,43,"Héctor ""El Father"", Wisin & Yandel","Héctor ""El Father""",Wisin & Yandel,NA,NA,NA,NA,NA,NA,NA,NA,Puerto Rico,Puerto Rico,NA,NA,NA,NA,NA,NA,NA,NA,El Teléfono,Machete Music,39,60,14,686733
Argentina,2026/01/08,enero_2026,44,No Te Va Gustar,No Te Va Gustar,NA,NA,NA,NA,NA,NA,NA,NA,NA,Uruguay,NA,NA,NA,NA,NA,NA,NA,NA,NA,A las Nueve,Elefante Blanco,27,77,367,679363
Argentina,2026/01/08,enero_2026,45,"Luciano Pereyra, Ezequiel Y La Clave, Un Poco de Ruido, Pinky SD",Luciano Pereyra,Ezequiel Y La Clave,Un Poco de Ruido,Pinky SD,NA,NA,NA,NA,NA,NA,Argentina,Argentina,Argentina,Argentina,NA,NA,NA,NA,NA,NA,Si No Es Muy Tarde - Versión Cumbia,Universal Music Argentina S.A.,14,28,39,675391
Argentina,2026/01/08,enero_2026,46,"Bad Bunny, Ozuna, Farruko, Arcángel, Ñengo Flow, DJ Luian, Mambo Kingz",Bad Bunny,Ozuna,Farruko,Arcángel,Ñengo Flow,DJ Luian,Mambo Kingz,NA,NA,NA,Puerto Rico,Puerto Rico,Puerto Rico,Puerto Rico,Puerto Rico,Puerto Rico,Puerto Rico,NA,NA,NA,Diles,Rimas Entertainment LLC,25,65,102,660055
Argentina,2026/01/08,enero_2026,47,Plan B,Plan B,NA,NA,NA,NA,NA,NA,NA,NA,NA,Puerto Rico,NA,NA,NA,NA,NA,NA,NA,NA,NA,Es un Secreto,Pina Records,28,51,165,657195
Argentina,2026/01/08,enero_2026,48,Taylor Swift,Taylor Swift,NA,NA,NA,NA,NA,NA,NA,NA,NA,Estados Unidos,NA,NA,NA,NA,NA,NA,NA,NA,NA,The Fate of Ophelia,Taylor Swift,2,67,14,643894
Argentina,2026/01/08,enero_2026,49,"Milo j, Trueno",Milo j,Trueno,NA,NA,NA,NA,NA,NA,NA,NA,Argentina,Argentina,NA,NA,NA,NA,NA,NA,NA,NA,Gil,Sony Music Latin,17,46,15,643606
Argentina,2026/01/08,enero_2026,50,Intoxicados,Intoxicados,NA,NA,NA,NA,NA,NA,NA,NA,NA,Argentina,NA,NA,NA,NA,NA,NA,NA,NA,NA,Nunca quise,Pop Art,50,68,467,628712
Argentina,2026/02/05,febrero_2026,1,"Ryan Castro, Kapo, Gangsta",Ryan Castro,Kapo,Gangsta,NA,NA,NA,NA,NA,NA,NA,Colombia,Colombia,Colombia,NA,NA,NA,NA,NA,NA,NA,LA VILLA,AWOO Corp./Sony Music Latin,1,1,5,2582699
Argentina,2026/02/05,febrero_2026,2,Max Carra,Max Carra,NA,NA,NA,NA,NA,NA,NA,NA,NA,Argentina,NA,NA,NA,NA,NA,NA,NA,NA,NA,UWAIE - versión cumbia,Max Carra,2,6,53,2158313
Argentina,2026/02/05,febrero_2026,3,La T y La M,La T y La M,NA,NA,NA,NA,NA,NA,NA,NA,NA,Argentina,NA,NA,NA,NA,NA,NA,NA,NA,NA,Soy Favela,Sony Music Uruguay,2,2,9,2095459
Argentina,2026/02/05,febrero_2026,4,"Roze Oficial, Max Carra, Valen, RAMKY EN LOS CONTROLES",Roze Oficial,Max Carra,Valen,RAMKY EN LOS CONTROLES,NA,NA,NA,NA,NA,NA,Argentina,Argentina,Argentina,Argentina,NA,NA,NA,NA,NA,NA,Tu jardín con enanitos,Sony Music Uruguay,1,3,37,1799289
Argentina,2026/02/05,febrero_2026,5,"ROSALÍA, Yahritza Y Su Esencia",ROSALÍA,Yahritza Y Su Esencia,NA,NA,NA,NA,NA,NA,NA,NA,España,Estados Unidos,NA,NA,NA,NA,NA,NA,NA,NA,La Perla,Columbia,1,5,13,1713923
Argentina,2026/02/05,febrero_2026,6,"El Bogueto, Yung Beef",El Bogueto,Yung Beef,NA,NA,NA,NA,NA,NA,NA,NA,Mexico,España,NA,NA,NA,NA,NA,NA,NA,NA,Cuando No Era Cantante,Candela Music,1,4,18,1639789
Argentina,2026/02/05,febrero_2026,7,"El Bogueto, Anuel AA, Fuerza Regida, Yung Beef",El Bogueto,Anuel AA,Fuerza Regida,Yung Beef,NA,NA,NA,NA,NA,NA,Mexico,Puerto Rico,Mexico,España,NA,NA,NA,NA,NA,NA,Cuando No Era Cantante - Remix,El Bogueto,7,8,8,1459530
Argentina,2026/02/05,febrero_2026,8,Rels B,Rels B,NA,NA,NA,NA,NA,NA,NA,NA,NA,España,NA,NA,NA,NA,NA,NA,NA,NA,NA,TU VAS SIN (fav),DALE PLAY Records / Flakk Team,3,7,29,1458491
Argentina,2026/02/05,febrero_2026,9,"La T y La M, Malandro",La T y La M,Malandro,NA,NA,NA,NA,NA,NA,NA,NA,Argentina,Argentina,NA,NA,NA,NA,NA,NA,NA,NA,Amor de Vago,GraceMusic,1,10,74,1339986
Argentina,2026/02/05,febrero_2026,10,"W Sound, Beéle, Ovy On The Drums",W Sound,Beéle,Ovy On The Drums,NA,NA,NA,NA,NA,NA,NA,Colombia,Colombia,Colombia,NA,NA,NA,NA,NA,NA,NA,La Plena - W Sound 05,WEA Latina,1,9,49,1328595
Argentina,2026/02/05,febrero_2026,11,Beéle,Beéle,NA,NA,NA,NA,NA,NA,NA,NA,NA,Colombia,NA,NA,NA,NA,NA,NA,NA,NA,NA,no tiene sentido,5020 Records,8,11,37,1299182
Argentina,2026/02/05,febrero_2026,12,Bad Bunny,Bad Bunny,NA,NA,NA,NA,NA,NA,NA,NA,NA,Puerto Rico,NA,NA,NA,NA,NA,NA,NA,NA,NA,BAILE INoLVIDABLE,Rimas Entertainment LLC.,1,14,57,1238870
Argentina,2026/02/05,febrero_2026,13,"PEPU, Pizzu",PEPU,Pizzu,NA,NA,NA,NA,NA,NA,NA,NA,Argentina,Argentina,NA,NA,NA,NA,NA,NA,NA,NA,TENGO UN FEELING,FRISBI RECORDS,13,15,5,1174761
Argentina,2026/02/05,febrero_2026,14,"Lauta, Amigo de Artistas, Tote",Lauta,Amigo de Artistas,Tote,NA,NA,NA,NA,NA,NA,NA,Argentina,Argentina,Argentina,NA,NA,NA,NA,NA,NA,NA,Puñaladas,LEB Records,14,26,4,1155280
Argentina,2026/02/05,febrero_2026,15,"Bad Bunny, Omar Courtz, Dei V",Bad Bunny,Omar Courtz,Dei V,NA,NA,NA,NA,NA,NA,NA,Puerto Rico,Puerto Rico,Puerto Rico,NA,NA,NA,NA,NA,NA,NA,VeLDÁ,Rimas Entertainment LLC.,6,20,57,1152182
Argentina,2026/02/05,febrero_2026,16,"Myke Towers, Quevedo",Myke Towers,Quevedo,NA,NA,NA,NA,NA,NA,NA,NA,Puerto Rico,España,NA,NA,NA,NA,NA,NA,NA,NA,SOLEAO,WEA Latina,4,13,36,1085687
Argentina,2026/02/05,febrero_2026,17,Milo j,Milo j,NA,NA,NA,NA,NA,NA,NA,NA,NA,Argentina,NA,NA,NA,NA,NA,NA,NA,NA,NA,Niño,Sony Music Latin,6,19,19,1074344
Argentina,2026/02/05,febrero_2026,18,"Bizarrap, Daddy Yankee",Bizarrap,Daddy Yankee,NA,NA,NA,NA,NA,NA,NA,NA,Argentina,Puerto Rico,NA,NA,NA,NA,NA,NA,NA,NA,"Daddy Yankee: Bzrp Music Sessions, Vol. 0/66",DALE PLAY Records,1,12,14,1066393
Argentina,2026/02/05,febrero_2026,19,Airbag,Airbag,NA,NA,NA,NA,NA,NA,NA,NA,NA,Argentina,NA,NA,NA,NA,NA,NA,NA,NA,NA,Pensamientos,Pop Art,13,18,49,1052437
Argentina,2026/02/05,febrero_2026,20,Bad Bunny,Bad Bunny,NA,NA,NA,NA,NA,NA,NA,NA,NA,Puerto Rico,NA,NA,NA,NA,NA,NA,NA,NA,NA,VOY A LLeVARTE PA PR,Rimas Entertainment LLC.,5,25,57,1021256
Argentina,2026/02/05,febrero_2026,21,"Beéle, Ovy On The Drums",Beéle,Ovy On The Drums,NA,NA,NA,NA,NA,NA,NA,NA,Colombia,Colombia,NA,NA,NA,NA,NA,NA,NA,NA,mi refe,5020 Records,16,17,57,1019953
Argentina,2026/02/05,febrero_2026,22,La T y La M,La T y La M,NA,NA,NA,NA,NA,NA,NA,NA,NA,Argentina,NA,NA,NA,NA,NA,NA,NA,NA,NA,No Se Va,GraceMusic,22,22,67,1018711
Argentina,2026/02/05,febrero_2026,23,Bad Bunny,Bad Bunny,NA,NA,NA,NA,NA,NA,NA,NA,NA,Puerto Rico,NA,NA,NA,NA,NA,NA,NA,NA,NA,DtMF,Rimas Entertainment LLC.,1,35,57,1008287
Argentina,2026/02/05,febrero_2026,24,"Ovy On The Drums, Quevedo, Beéle",Ovy On The Drums,Quevedo,Beéle,NA,NA,NA,NA,NA,NA,NA,Colombia,España,Colombia,NA,NA,NA,NA,NA,NA,NA,YO y TÚ,WEA Latina,4,29,34,975436
Argentina,2026/02/05,febrero_2026,25,"Alleh, Yorghaki",Alleh,Yorghaki,NA,NA,NA,NA,NA,NA,NA,NA,Venezuela,Venezuela,NA,NA,NA,NA,NA,NA,NA,NA,capaz (merengueton),La Ciudad,3,21,56,941137
Argentina,2026/02/05,febrero_2026,26,"Luck Ra, Miranda!",Luck Ra,Miranda!,NA,NA,NA,NA,NA,NA,NA,NA,Argentina,Argentina,NA,NA,NA,NA,NA,NA,NA,NA,TU MISTERIOSO ALGUIEN (CUARTETO) (feat. Miranda!),Sony Music Latin,2,16,21,874679
Argentina,2026/02/05,febrero_2026,27,Djo,Djo,NA,NA,NA,NA,NA,NA,NA,NA,NA,Estados Unidos,NA,NA,NA,NA,NA,NA,NA,NA,NA,End of Beginning,Djo,15,24,20,853369
Argentina,2026/02/05,febrero_2026,28,"Maria Becerra, TINI, XROSS",Maria Becerra,TINI,XROSS,NA,NA,NA,NA,NA,NA,NA,Argentina,Argentina,Argentina,NA,NA,NA,NA,NA,NA,NA,HASTA QUE ME ENAMORO,WEA Latina,8,23,20,850253
Argentina,2026/02/05,febrero_2026,29,"Bizarrap, J Balvin",Bizarrap,J Balvin,NA,NA,NA,NA,NA,NA,NA,NA,Argentina,Colombia,NA,NA,NA,NA,NA,NA,NA,NA,"J Balvin: Bzrp Music Sessions, Vol. 62/66",DALE PLAY Records,9,27,6,839116
Argentina,2026/02/05,febrero_2026,30,"Tincho & Javi, Max Carra",Tincho & Javi,Max Carra,NA,NA,NA,NA,NA,NA,NA,NA,Argentina,Argentina,NA,NA,NA,NA,NA,NA,NA,NA,Loco Enamorado I Varieté #4,Tincho Di Salvo,24,37,22,816120
Argentina,2026/02/05,febrero_2026,31,Bad Bunny,Bad Bunny,NA,NA,NA,NA,NA,NA,NA,NA,NA,Puerto Rico,NA,NA,NA,NA,NA,NA,NA,NA,NA,EoO,Rimas Entertainment LLC.,15,49,57,801976
Argentina,2026/02/05,febrero_2026,32,Babasonicos,Babasonicos,NA,NA,NA,NA,NA,NA,NA,NA,NA,Argentina,NA,NA,NA,NA,NA,NA,NA,NA,NA,Como Eran Las Cosas,Universal Music Argentina S.A.,11,32,151,798416
Argentina,2026/02/05,febrero_2026,33,"Bad Bunny, Ozuna, Farruko, Arcángel, Ñengo Flow, DJ Luian, Mambo Kingz",Bad Bunny,Ozuna,Farruko,Arcángel,Ñengo Flow,DJ Luian,Mambo Kingz,NA,NA,NA,Puerto Rico,Puerto Rico,Puerto Rico,Puerto Rico,Puerto Rico,Puerto Rico,Puerto Rico,NA,NA,NA,Diles,Rimas Entertainment LLC,25,36,106,788720
Argentina,2026/02/05,febrero_2026,34,Bad Bunny,Bad Bunny,NA,NA,NA,NA,NA,NA,NA,NA,NA,Puerto Rico,NA,NA,NA,NA,NA,NA,NA,NA,NA,NUEVAYoL,Rimas Entertainment LLC.,8,55,57,785363
Argentina,2026/02/05,febrero_2026,35,"Blessd, Anuel AA, Yan Block, Luar La L, Kris R., ROA",Blessd,Anuel AA,Yan Block,Luar La L,Kris R.,ROA,NA,NA,NA,NA,Colombia,Puerto Rico,Puerto Rico,Puerto Rico,Colombia,Puerto Rico,NA,NA,NA,NA,"YOGURCITO REMIX (feat. Kris R., ROA)",WEA Latina,13,30,23,775393
Argentina,2026/02/05,febrero_2026,36,"Maria Becerra, El Alfa, XROSS",Maria Becerra,El Alfa,XROSS,NA,NA,NA,NA,NA,NA,NA,Argentina,Republica Dominicana,Argentina,NA,NA,NA,NA,NA,NA,NA,HACE CALOR,WEA Latina,16,28,11,771311
Argentina,2026/02/05,febrero_2026,37,"Luck Ra, Karina, RAMKY EN LOS CONTROLES",Luck Ra,Karina,RAMKY EN LOS CONTROLES,NA,NA,NA,NA,NA,NA,NA,Argentina,Argentina,Argentina,NA,NA,NA,NA,NA,NA,NA,LADRON,Sony Music Latin,18,31,8,771098
Argentina,2026/02/05,febrero_2026,38,Cazzu,Cazzu,NA,NA,NA,NA,NA,NA,NA,NA,NA,Argentina,NA,NA,NA,NA,NA,NA,NA,NA,NA,Con Otra,DALE PLAY Records / RIMAS Entertainment LLC,6,34,46,766206
Argentina,2026/02/05,febrero_2026,39,Airbag,Airbag,NA,NA,NA,NA,NA,NA,NA,NA,NA,Argentina,NA,NA,NA,NA,NA,NA,NA,NA,NA,Por Mil Noches,DALE PLAY Records / Airbag,18,38,316,723716
Argentina,2026/02/05,febrero_2026,40,Tan Bionica,Tan Bionica,NA,NA,NA,NA,NA,NA,NA,NA,NA,Argentina,NA,NA,NA,NA,NA,NA,NA,NA,NA,Obsesionario en La Mayor,DALE PLAY Records,24,43,139,722856
Argentina,2026/02/05,febrero_2026,41,"Young Cister, Kreamly",Young Cister,Kreamly,NA,NA,NA,NA,NA,NA,NA,NA,Chile,Chile,NA,NA,NA,NA,NA,NA,NA,NA,QLOO*,Sony Music Entertainment Chile S.A,2,33,32,717575
Argentina,2026/02/05,febrero_2026,42,"Rauw Alejandro, Bad Bunny",Rauw Alejandro,Bad Bunny,NA,NA,NA,NA,NA,NA,NA,NA,Puerto Rico,Puerto Rico,NA,NA,NA,NA,NA,NA,NA,NA,Qué Pasaría...,Sony Music Latin/Duars Entertainment,14,137,64,716865
Argentina,2026/02/05,febrero_2026,43,"PEPU, Nico Valdi, Pizzu",PEPU,Nico Valdi,Pizzu,NA,NA,NA,NA,NA,NA,NA,Argentina,Argentina,Argentina,NA,NA,NA,NA,NA,NA,NA,Far Away,Pedro Somoza Nazar Anchorena,43,44,3,706492
Argentina,2026/02/05,febrero_2026,44,Bad Bunny,Bad Bunny,NA,NA,NA,NA,NA,NA,NA,NA,NA,Puerto Rico,NA,NA,NA,NA,NA,NA,NA,NA,NA,KLOuFRENS,Rimas Entertainment LLC.,14,64,57,702262
Argentina,2026/02/05,febrero_2026,45,"Tiago PZK, Ke Personajes",Tiago PZK,Ke Personajes,NA,NA,NA,NA,NA,NA,NA,NA,Argentina,Argentina,NA,NA,NA,NA,NA,NA,NA,NA,Piel,WEA Latina,2,40,105,700191
Argentina,2026/02/05,febrero_2026,46,"Bad Bunny, Chuwi",Bad Bunny,Chuwi,NA,NA,NA,NA,NA,NA,NA,NA,Puerto Rico,Puerto Rico,NA,NA,NA,NA,NA,NA,NA,NA,WELTiTA,Rimas Entertainment LLC.,7,79,54,684880
Argentina,2026/02/05,febrero_2026,47,"Q' Lokura, Los Herrera",Q' Lokura,Los Herrera,NA,NA,NA,NA,NA,NA,NA,NA,Argentina,Argentina,NA,NA,NA,NA,NA,NA,NA,NA,Cuidado Que Te Supero,Q' Lokura,40,42,91,669836
Argentina,2026/02/05,febrero_2026,48,"Jere Klein, Katteyes, Mateo on the Beatz",Jere Klein,Katteyes,Mateo on the Beatz,NA,NA,NA,NA,NA,NA,NA,Chile,Chile,Chile,NA,NA,NA,NA,NA,NA,NA,TODO KE VER,2025 JERE KLEIN,3,45,25,654824
Argentina,2026/02/05,febrero_2026,49,"J Balvin, Bad Bunny",J Balvin,Bad Bunny,NA,NA,NA,NA,NA,NA,NA,NA,Colombia,Puerto Rico,NA,NA,NA,NA,NA,NA,NA,NA,LA CANCIÓN,Universal Music Latino / Rimas,7,65,189,651989
Argentina,2026/02/05,febrero_2026,50,No Te Va Gustar,No Te Va Gustar,NA,NA,NA,NA,NA,NA,NA,NA,NA,Uruguay,NA,NA,NA,NA,NA,NA,NA,NA,NA,A las Nueve,Elefante Blanco,27,50,371,638753
Argentina,2026/03/05,marzo_2026,1,"Ryan Castro, Kapo, Gangsta",Ryan Castro,Kapo,Gangsta,NA,NA,NA,NA,NA,NA,NA,Colombia,Colombia,Colombia,NA,NA,NA,NA,NA,NA,NA,LA VILLA,AWOO Corp./Sony Music Latin,1,1,9,1989059
Argentina,2026/03/05,marzo_2026,2,Bad Bunny,Bad Bunny,NA,NA,NA,NA,NA,NA,NA,NA,NA,Puerto Rico,NA,NA,NA,NA,NA,NA,NA,NA,NA,BAILE INoLVIDABLE,Rimas Entertainment LLC.,1,2,61,1649272
Argentina,2026/03/05,marzo_2026,3,"El Bogueto, Yung Beef",El Bogueto,Yung Beef,NA,NA,NA,NA,NA,NA,NA,NA,Mexico,España,NA,NA,NA,NA,NA,NA,NA,NA,Cuando No Era Cantante,Candela Music,1,6,22,1619075
Argentina,2026/03/05,marzo_2026,4,La T y La M,La T y La M,NA,NA,NA,NA,NA,NA,NA,NA,NA,Argentina,NA,NA,NA,NA,NA,NA,NA,NA,NA,Soy Favela,Sony Music Uruguay,2,4,13,1614097
Argentina,2026/03/05,marzo_2026,5,Max Carra,Max Carra,NA,NA,NA,NA,NA,NA,NA,NA,NA,Argentina,NA,NA,NA,NA,NA,NA,NA,NA,NA,UWAIE - versión cumbia,Max Carra,2,5,57,1521018
Argentina,2026/03/05,marzo_2026,6,"Lauta, Amigo de Artistas, Tote",Lauta,Amigo de Artistas,Tote,NA,NA,NA,NA,NA,NA,NA,Argentina,Argentina,Argentina,NA,NA,NA,NA,NA,NA,NA,Puñaladas,LEB Records,6,8,8,1488625
Argentina,2026/03/05,marzo_2026,7,Bad Bunny,Bad Bunny,NA,NA,NA,NA,NA,NA,NA,NA,NA,Puerto Rico,NA,NA,NA,NA,NA,NA,NA,NA,NA,DtMF,Rimas Entertainment LLC.,1,3,61,1383841
Argentina,2026/03/05,marzo_2026,8,"Roze Oficial, Max Carra, Valen, RAMKY EN LOS CONTROLES",Roze Oficial,Max Carra,Valen,RAMKY EN LOS CONTROLES,NA,NA,NA,NA,NA,NA,Argentina,Argentina,Argentina,Argentina,NA,NA,NA,NA,NA,NA,Tu jardín con enanitos,Sony Music Uruguay,1,10,41,1319187
Argentina,2026/03/05,marzo_2026,9,Bad Bunny,Bad Bunny,NA,NA,NA,NA,NA,NA,NA,NA,NA,Puerto Rico,NA,NA,NA,NA,NA,NA,NA,NA,NA,VOY A LLeVARTE PA PR,Rimas Entertainment LLC.,4,7,61,1294963
Argentina,2026/03/05,marzo_2026,10,"El Bogueto, Anuel AA, Fuerza Regida, Yung Beef",El Bogueto,Anuel AA,Fuerza Regida,Yung Beef,NA,NA,NA,NA,NA,NA,Mexico,Puerto Rico,Mexico,España,NA,NA,NA,NA,NA,NA,Cuando No Era Cantante - Remix,El Bogueto,7,12,12,1258684
Argentina,2026/03/05,marzo_2026,11,"Omar Courtz, Ñengo Flow",Omar Courtz,Ñengo Flow,NA,NA,NA,NA,NA,NA,NA,NA,Puerto Rico,Puerto Rico,NA,NA,NA,NA,NA,NA,NA,NA,FOREVER TU GANTEL,Rimas Entertainment LLC.,11,36,2,1167401
Argentina,2026/03/05,marzo_2026,12,Rels B,Rels B,NA,NA,NA,NA,NA,NA,NA,NA,NA,España,NA,NA,NA,NA,NA,NA,NA,NA,NA,TU VAS SIN (fav),DALE PLAY Records / Flakk Team,3,13,33,1145277
Argentina,2026/03/05,marzo_2026,13,Bad Bunny,Bad Bunny,NA,NA,NA,NA,NA,NA,NA,NA,NA,Puerto Rico,NA,NA,NA,NA,NA,NA,NA,NA,NA,EoO,Rimas Entertainment LLC.,8,9,61,1110008
Argentina,2026/03/05,marzo_2026,14,"Bad Bunny, Omar Courtz, Dei V",Bad Bunny,Omar Courtz,Dei V,NA,NA,NA,NA,NA,NA,NA,Puerto Rico,Puerto Rico,Puerto Rico,NA,NA,NA,NA,NA,NA,NA,VeLDÁ,Rimas Entertainment LLC.,6,14,61,1088017
Argentina,2026/03/05,marzo_2026,15,"ROSALÍA, Yahritza Y Su Esencia",ROSALÍA,Yahritza Y Su Esencia,NA,NA,NA,NA,NA,NA,NA,NA,España,Estados Unidos,NA,NA,NA,NA,NA,NA,NA,NA,La Perla,Columbia,1,15,17,1078086
Argentina,2026/03/05,marzo_2026,16,Bad Bunny,Bad Bunny,NA,NA,NA,NA,NA,NA,NA,NA,NA,Puerto Rico,NA,NA,NA,NA,NA,NA,NA,NA,NA,NUEVAYoL,Rimas Entertainment LLC.,5,11,61,1052176
Argentina,2026/03/05,marzo_2026,17,Beéle,Beéle,NA,NA,NA,NA,NA,NA,NA,NA,NA,Colombia,NA,NA,NA,NA,NA,NA,NA,NA,NA,no tiene sentido,5020 Records,8,16,41,1028764
Argentina,2026/03/05,marzo_2026,18,"La T y La M, Malandro",La T y La M,Malandro,NA,NA,NA,NA,NA,NA,NA,NA,Argentina,Argentina,NA,NA,NA,NA,NA,NA,NA,NA,Amor de Vago,GraceMusic,1,17,78,926502
Argentina,2026/03/05,marzo_2026,19,Airbag,Airbag,NA,NA,NA,NA,NA,NA,NA,NA,NA,Argentina,NA,NA,NA,NA,NA,NA,NA,NA,NA,Pensamientos,Pop Art,13,18,53,924834
Argentina,2026/03/05,marzo_2026,20,"W Sound, Beéle, Ovy On The Drums",W Sound,Beéle,Ovy On The Drums,NA,NA,NA,NA,NA,NA,NA,Colombia,Colombia,Colombia,NA,NA,NA,NA,NA,NA,NA,La Plena - W Sound 05,WEA Latina,1,21,53,908399
Argentina,2026/03/05,marzo_2026,21,Milo j,Milo j,NA,NA,NA,NA,NA,NA,NA,NA,NA,Argentina,NA,NA,NA,NA,NA,NA,NA,NA,NA,Niño,Sony Music Latin,6,22,23,901827
Argentina,2026/03/05,marzo_2026,22,"PEDRO SAMPAIO, Emilia, MC Meno K, Melody",PEDRO SAMPAIO,Emilia,MC Meno K,Melody,NA,NA,NA,NA,NA,NA,Brasil,Argentina,Brasil,Brasil,NA,NA,NA,NA,NA,NA,JETSKI - Remix,Sony Music Entertainment,22,53,2,872933
Argentina,2026/03/05,marzo_2026,23,La T y La M,La T y La M,NA,NA,NA,NA,NA,NA,NA,NA,NA,Argentina,NA,NA,NA,NA,NA,NA,NA,NA,NA,No Se Va,GraceMusic,22,24,71,862293
Argentina,2026/03/05,marzo_2026,24,"Beéle, Ovy On The Drums",Beéle,Ovy On The Drums,NA,NA,NA,NA,NA,NA,NA,NA,Colombia,Colombia,NA,NA,NA,NA,NA,NA,NA,NA,mi refe,5020 Records,16,25,61,822358
Argentina,2026/03/05,marzo_2026,25,"Ovy On The Drums, Quevedo, Beéle",Ovy On The Drums,Quevedo,Beéle,NA,NA,NA,NA,NA,NA,NA,Colombia,España,Colombia,NA,NA,NA,NA,NA,NA,NA,YO y TÚ,WEA Latina,4,27,38,807909
Argentina,2026/03/05,marzo_2026,26,"Myke Towers, Quevedo",Myke Towers,Quevedo,NA,NA,NA,NA,NA,NA,NA,NA,Puerto Rico,España,NA,NA,NA,NA,NA,NA,NA,NA,SOLEAO,WEA Latina,4,28,40,803973
Argentina,2026/03/05,marzo_2026,27,"Alleh, Yorghaki",Alleh,Yorghaki,NA,NA,NA,NA,NA,NA,NA,NA,Venezuela,Venezuela,NA,NA,NA,NA,NA,NA,NA,NA,capaz (merengueton),La Ciudad,3,29,60,795217
Argentina,2026/03/05,marzo_2026,28,Bad Bunny,Bad Bunny,NA,NA,NA,NA,NA,NA,NA,NA,NA,Puerto Rico,NA,NA,NA,NA,NA,NA,NA,NA,NA,KLOuFRENS,Rimas Entertainment LLC.,14,19,61,795206
Argentina,2026/03/05,marzo_2026,29,"Rauw Alejandro, Bad Bunny",Rauw Alejandro,Bad Bunny,NA,NA,NA,NA,NA,NA,NA,NA,Puerto Rico,Puerto Rico,NA,NA,NA,NA,NA,NA,NA,NA,Qué Pasaría...,Sony Music Latin/Duars Entertainment,14,23,68,777419
Argentina,2026/03/05,marzo_2026,30,"J Balvin, Bad Bunny",J Balvin,Bad Bunny,NA,NA,NA,NA,NA,NA,NA,NA,Colombia,Puerto Rico,NA,NA,NA,NA,NA,NA,NA,NA,LA CANCIÓN,Universal Music Latino / Rimas,7,26,193,766164
Argentina,2026/03/05,marzo_2026,31,Babasonicos,Babasonicos,NA,NA,NA,NA,NA,NA,NA,NA,NA,Argentina,NA,NA,NA,NA,NA,NA,NA,NA,NA,Como Eran Las Cosas,Universal Music Argentina S.A.,11,32,155,749951
Argentina,2026/03/05,marzo_2026,32,Omar Courtz,Omar Courtz,NA,NA,NA,NA,NA,NA,NA,NA,NA,Puerto Rico,NA,NA,NA,NA,NA,NA,NA,NA,NA,POR SI MAÑANA NO ESTOY,Rimas Entertainment LLC.,32,109,2,745736
Argentina,2026/03/05,marzo_2026,33,"Bizarrap, Daddy Yankee",Bizarrap,Daddy Yankee,NA,NA,NA,NA,NA,NA,NA,NA,Argentina,Puerto Rico,NA,NA,NA,NA,NA,NA,NA,NA,"Daddy Yankee: Bzrp Music Sessions, Vol. 0/66",DALE PLAY Records,1,30,18,740838
Argentina,2026/03/05,marzo_2026,34,Bad Bunny,Bad Bunny,NA,NA,NA,NA,NA,NA,NA,NA,NA,Puerto Rico,NA,NA,NA,NA,NA,NA,NA,NA,NA,Tití Me Preguntó,Rimas Entertainment LLC,3,20,57,736950
Argentina,2026/03/05,marzo_2026,35,"Bad Bunny, Ozuna, Farruko, Arcángel, Ñengo Flow, DJ Luian, Mambo Kingz",Bad Bunny,Ozuna,Farruko,Arcángel,Ñengo Flow,DJ Luian,Mambo Kingz,NA,NA,NA,Puerto Rico,Puerto Rico,Puerto Rico,Puerto Rico,Puerto Rico,Puerto Rico,Puerto Rico,NA,NA,NA,Diles,Rimas Entertainment LLC,25,31,110,730359
Argentina,2026/03/05,marzo_2026,36,"Young Cister, Kreamly",Young Cister,Kreamly,NA,NA,NA,NA,NA,NA,NA,NA,Chile,Chile,NA,NA,NA,NA,NA,NA,NA,NA,QLOO*,Sony Music Entertainment Chile S.A,2,45,36,729898
Argentina,2026/03/05,marzo_2026,37,Airbag,Airbag,NA,NA,NA,NA,NA,NA,NA,NA,NA,Argentina,NA,NA,NA,NA,NA,NA,NA,NA,NA,Por Mil Noches,DALE PLAY Records / Airbag,18,38,320,697745
Argentina,2026/03/05,marzo_2026,38,Cazzu,Cazzu,NA,NA,NA,NA,NA,NA,NA,NA,NA,Argentina,NA,NA,NA,NA,NA,NA,NA,NA,NA,Con Otra,DALE PLAY Records / RIMAS Entertainment LLC,6,37,50,687452
Argentina,2026/03/05,marzo_2026,39,"PEPU, Pizzu",PEPU,Pizzu,NA,NA,NA,NA,NA,NA,NA,NA,Argentina,Argentina,NA,NA,NA,NA,NA,NA,NA,NA,TENGO UN FEELING,FRISBI RECORDS,13,33,9,668276
Argentina,2026/03/05,marzo_2026,40,"Bizarrap, J Balvin",Bizarrap,J Balvin,NA,NA,NA,NA,NA,NA,NA,NA,Argentina,Colombia,NA,NA,NA,NA,NA,NA,NA,NA,"J Balvin: Bzrp Music Sessions, Vol. 62/66",DALE PLAY Records,9,35,10,648680
Argentina,2026/03/05,marzo_2026,41,"Blessd, Anuel AA, Yan Block, Luar La L, Kris R., ROA",Blessd,Anuel AA,Yan Block,Luar La L,Kris R.,ROA,NA,NA,NA,NA,Colombia,Puerto Rico,Puerto Rico,Puerto Rico,Colombia,Puerto Rico,NA,NA,NA,NA,"YOGURCITO REMIX (feat. Kris R., ROA)",WEA Latina,13,39,27,637486
Argentina,2026/03/05,marzo_2026,42,No Te Va Gustar,No Te Va Gustar,NA,NA,NA,NA,NA,NA,NA,NA,NA,Uruguay,NA,NA,NA,NA,NA,NA,NA,NA,NA,A las Nueve,Elefante Blanco,27,42,375,620504
Argentina,2026/03/05,marzo_2026,43,Djo,Djo,NA,NA,NA,NA,NA,NA,NA,NA,NA,Estados Unidos,NA,NA,NA,NA,NA,NA,NA,NA,NA,End of Beginning,Djo,15,41,24,619646
Argentina,2026/03/05,marzo_2026,44,"Bad Bunny, Chuwi",Bad Bunny,Chuwi,NA,NA,NA,NA,NA,NA,NA,NA,Puerto Rico,Puerto Rico,NA,NA,NA,NA,NA,NA,NA,NA,WELTiTA,Rimas Entertainment LLC.,7,34,58,616959
Argentina,2026/03/05,marzo_2026,45,Plan B,Plan B,NA,NA,NA,NA,NA,NA,NA,NA,NA,Puerto Rico,NA,NA,NA,NA,NA,NA,NA,NA,NA,Es un Secreto,Pina Records,28,54,173,597499
Argentina,2026/03/05,marzo_2026,46,"No Te Va Gustar, Juan Casanova",No Te Va Gustar,Juan Casanova,NA,NA,NA,NA,NA,NA,NA,NA,Uruguay,Uruguay,NA,NA,NA,NA,NA,NA,NA,NA,Tan Lejos,Elefante Blanco,28,52,188,595643
Argentina,2026/03/05,marzo_2026,47,"Milo j, Trueno",Milo j,Trueno,NA,NA,NA,NA,NA,NA,NA,NA,Argentina,Argentina,NA,NA,NA,NA,NA,NA,NA,NA,Gil,Sony Music Latin,17,72,23,586487
Argentina,2026/03/05,marzo_2026,48,"Maria Becerra, TINI, XROSS",Maria Becerra,TINI,XROSS,NA,NA,NA,NA,NA,NA,NA,Argentina,Argentina,Argentina,NA,NA,NA,NA,NA,NA,NA,HASTA QUE ME ENAMORO,WEA Latina,8,43,24,580787
Argentina,2026/03/05,marzo_2026,49,Gustavo Cerati,Gustavo Cerati,NA,NA,NA,NA,NA,NA,NA,NA,NA,Argentina,NA,NA,NA,NA,NA,NA,NA,NA,NA,Adiós,Ariola,45,49,166,575852
Argentina,2026/03/05,marzo_2026,50,Plan B,Plan B,NA,NA,NA,NA,NA,NA,NA,NA,NA,Puerto Rico,NA,NA,NA,NA,NA,NA,NA,NA,NA,Fronteo,Pina Records,9,64,38,567176
Argentina,2026/04/09,abril_2026,1,BTS,BTS,NA,NA,NA,NA,NA,NA,NA,NA,NA,Corea del Sur,NA,NA,NA,NA,NA,NA,NA,NA,NA,SWIM,BIGHIT MUSIC,1,1,3,1408140
Argentina,2026/04/09,abril_2026,2,"Lauta, Amigo de Artistas, Tote",Lauta,Amigo de Artistas,Tote,NA,NA,NA,NA,NA,NA,NA,Argentina,Argentina,Argentina,NA,NA,NA,NA,NA,NA,NA,Puñaladas,LEB Records,2,4,13,1276409
Argentina,2026/04/09,abril_2026,3,"Omar Courtz, Ñengo Flow",Omar Courtz,Ñengo Flow,NA,NA,NA,NA,NA,NA,NA,NA,Puerto Rico,Puerto Rico,NA,NA,NA,NA,NA,NA,NA,NA,FOREVER TU GANTEL,Rimas Entertainment LLC.,3,3,7,1268167
Argentina,2026/04/09,abril_2026,4,"Ryan Castro, Kapo, Gangsta",Ryan Castro,Kapo,Gangsta,NA,NA,NA,NA,NA,NA,NA,Colombia,Colombia,Colombia,NA,NA,NA,NA,NA,NA,NA,LA VILLA,AWOO Corp./Sony Music Latin,1,2,14,1199866
Argentina,2026/04/09,abril_2026,5,"El Bogueto, Anuel AA, Fuerza Regida, Yung Beef",El Bogueto,Anuel AA,Fuerza Regida,Yung Beef,NA,NA,NA,NA,NA,NA,Mexico,Puerto Rico,Mexico,España,NA,NA,NA,NA,NA,NA,Cuando No Era Cantante - Remix,El Bogueto,2,7,16,1138744
Argentina,2026/04/09,abril_2026,6,Max Carra,Max Carra,NA,NA,NA,NA,NA,NA,NA,NA,NA,Argentina,NA,NA,NA,NA,NA,NA,NA,NA,NA,UWAIE - versión cumbia,Max Carra,2,6,62,1135699
Argentina,2026/04/09,abril_2026,7,"TINI, Ulises Bueno",TINI,Ulises Bueno,NA,NA,NA,NA,NA,NA,NA,NA,Argentina,Argentina,NA,NA,NA,NA,NA,NA,NA,NA,Dos Amantes,Sony Music Latin,5,5,3,1090848
Argentina,2026/04/09,abril_2026,8,La T y La M,La T y La M,NA,NA,NA,NA,NA,NA,NA,NA,NA,Argentina,NA,NA,NA,NA,NA,NA,NA,NA,NA,Soy Favela,Sony Music Uruguay,2,8,18,1072180
Argentina,2026/04/09,abril_2026,9,Omar Courtz,Omar Courtz,NA,NA,NA,NA,NA,NA,NA,NA,NA,Puerto Rico,NA,NA,NA,NA,NA,NA,NA,NA,NA,KOKO,Rimas Entertainment LLC.,9,14,6,1037747
Argentina,2026/04/09,abril_2026,10,Omar Courtz,Omar Courtz,NA,NA,NA,NA,NA,NA,NA,NA,NA,Puerto Rico,NA,NA,NA,NA,NA,NA,NA,NA,NA,POR SI MAÑANA NO ESTOY,Rimas Entertainment LLC.,10,13,7,1035512
Argentina,2026/04/09,abril_2026,11,"El Bogueto, Yung Beef",El Bogueto,Yung Beef,NA,NA,NA,NA,NA,NA,NA,NA,Mexico,España,NA,NA,NA,NA,NA,NA,NA,NA,Cuando No Era Cantante,Candela Music,1,9,27,967796
Argentina,2026/04/09,abril_2026,12,"PEDRO SAMPAIO, Emilia, MC Meno K, Melody",PEDRO SAMPAIO,Emilia,MC Meno K,Melody,NA,NA,NA,NA,NA,NA,Brasil,Argentina,Brasil,Brasil,NA,NA,NA,NA,NA,NA,JETSKI - Remix,Sony Music Entertainment,11,11,7,936917
Argentina,2026/04/09,abril_2026,13,"Roze Oficial, Max Carra, Valen, RAMKY EN LOS CONTROLES",Roze Oficial,Max Carra,Valen,RAMKY EN LOS CONTROLES,NA,NA,NA,NA,NA,NA,Argentina,Argentina,Argentina,Argentina,NA,NA,NA,NA,NA,NA,Tu jardín con enanitos,Sony Music Uruguay,1,10,46,902196
Argentina,2026/04/09,abril_2026,14,Airbag,Airbag,NA,NA,NA,NA,NA,NA,NA,NA,NA,Argentina,NA,NA,NA,NA,NA,NA,NA,NA,NA,Pensamientos,Pop Art,13,15,58,879763
Argentina,2026/04/09,abril_2026,15,Los Huayra,Los Huayra,NA,NA,NA,NA,NA,NA,NA,NA,NA,Argentina,NA,NA,NA,NA,NA,NA,NA,NA,NA,La Noche Sin Tí,EMI Argentina,15,19,107,872040
Argentina,2026/04/09,abril_2026,16,Bad Bunny,Bad Bunny,NA,NA,NA,NA,NA,NA,NA,NA,NA,Puerto Rico,NA,NA,NA,NA,NA,NA,NA,NA,NA,BAILE INoLVIDABLE,Rimas Entertainment LLC.,1,12,66,867657
Argentina,2026/04/09,abril_2026,17,"Maria Becerra, Jere Klein, Lucky Brown, XROSS",Maria Becerra,Jere Klein,Lucky Brown,XROSS,NA,NA,NA,NA,NA,NA,Argentina,Chile,Chile,Argentina,NA,NA,NA,NA,NA,NA,QUÉ GANAS DE COMERTE,WEA Latina,17,17,2,860276
Argentina,2026/04/09,abril_2026,18,Babasonicos,Babasonicos,NA,NA,NA,NA,NA,NA,NA,NA,NA,Argentina,NA,NA,NA,NA,NA,NA,NA,NA,NA,Como Eran Las Cosas,Universal Music Argentina S.A.,11,24,160,793387
Argentina,2026/04/09,abril_2026,19,Tan Bionica,Tan Bionica,NA,NA,NA,NA,NA,NA,NA,NA,NA,Argentina,NA,NA,NA,NA,NA,NA,NA,NA,NA,Obsesionario en La Mayor,DALE PLAY Records,19,30,148,787803
Argentina,2026/04/09,abril_2026,20,Rels B,Rels B,NA,NA,NA,NA,NA,NA,NA,NA,NA,España,NA,NA,NA,NA,NA,NA,NA,NA,NA,TU VAS SIN (fav),DALE PLAY Records / Flakk Team,3,16,38,762773
Argentina,2026/04/09,abril_2026,21,Bad Bunny,Bad Bunny,NA,NA,NA,NA,NA,NA,NA,NA,NA,Puerto Rico,NA,NA,NA,NA,NA,NA,NA,NA,NA,DtMF,Rimas Entertainment LLC.,1,21,66,730904
Argentina,2026/04/09,abril_2026,22,"Bad Bunny, Omar Courtz, Dei V",Bad Bunny,Omar Courtz,Dei V,NA,NA,NA,NA,NA,NA,NA,Puerto Rico,Puerto Rico,Puerto Rico,NA,NA,NA,NA,NA,NA,NA,VeLDÁ,Rimas Entertainment LLC.,6,22,66,723910
Argentina,2026/04/09,abril_2026,23,"La T y La M, Malandro",La T y La M,Malandro,NA,NA,NA,NA,NA,NA,NA,NA,Argentina,Argentina,NA,NA,NA,NA,NA,NA,NA,NA,Amor de Vago,GraceMusic,1,28,83,720492
Argentina,2026/04/09,abril_2026,24,Milo j,Milo j,NA,NA,NA,NA,NA,NA,NA,NA,NA,Argentina,NA,NA,NA,NA,NA,NA,NA,NA,NA,Niño,Sony Music Latin,6,26,28,711411
Argentina,2026/04/09,abril_2026,25,"W Sound, Beéle, Ovy On The Drums",W Sound,Beéle,Ovy On The Drums,NA,NA,NA,NA,NA,NA,NA,Colombia,Colombia,Colombia,NA,NA,NA,NA,NA,NA,NA,La Plena - W Sound 05,WEA Latina,1,25,58,707843
Argentina,2026/04/09,abril_2026,26,De La Rose,De La Rose,NA,NA,NA,NA,NA,NA,NA,NA,NA,Puerto Rico,NA,NA,NA,NA,NA,NA,NA,NA,NA,Yo te conozco :):,WEA Latina,20,20,7,707201
Argentina,2026/04/09,abril_2026,27,BTS,BTS,NA,NA,NA,NA,NA,NA,NA,NA,NA,Corea del Sur,NA,NA,NA,NA,NA,NA,NA,NA,NA,Body to Body,BIGHIT MUSIC,9,18,3,693162
Argentina,2026/04/09,abril_2026,28,No Te Va Gustar,No Te Va Gustar,NA,NA,NA,NA,NA,NA,NA,NA,NA,Uruguay,NA,NA,NA,NA,NA,NA,NA,NA,NA,A las Nueve,Elefante Blanco,27,41,380,674499
Argentina,2026/04/09,abril_2026,29,Bad Bunny,Bad Bunny,NA,NA,NA,NA,NA,NA,NA,NA,NA,Puerto Rico,NA,NA,NA,NA,NA,NA,NA,NA,NA,VOY A LLeVARTE PA PR,Rimas Entertainment LLC.,4,27,66,666510
Argentina,2026/04/09,abril_2026,30,Airbag,Airbag,NA,NA,NA,NA,NA,NA,NA,NA,NA,Argentina,NA,NA,NA,NA,NA,NA,NA,NA,NA,Por Mil Noches,DALE PLAY Records / Airbag,18,36,325,662563
Argentina,2026/04/09,abril_2026,31,Beéle,Beéle,NA,NA,NA,NA,NA,NA,NA,NA,NA,Colombia,NA,NA,NA,NA,NA,NA,NA,NA,NA,no tiene sentido,5020 Records,8,32,46,649352
Argentina,2026/04/09,abril_2026,32,BTS,BTS,NA,NA,NA,NA,NA,NA,NA,NA,NA,Corea del Sur,NA,NA,NA,NA,NA,NA,NA,NA,NA,Hooligan,BIGHIT MUSIC,13,23,3,647109
Argentina,2026/04/09,abril_2026,33,"ROSALÍA, Yahritza Y Su Esencia",ROSALÍA,Yahritza Y Su Esencia,NA,NA,NA,NA,NA,NA,NA,NA,España,Estados Unidos,NA,NA,NA,NA,NA,NA,NA,NA,La Perla,Columbia,1,29,22,637007
Argentina,2026/04/09,abril_2026,34,Callejeros,Callejeros,NA,NA,NA,NA,NA,NA,NA,NA,NA,Argentina,NA,NA,NA,NA,NA,NA,NA,NA,NA,Creo,Pelo Music S.A.,34,44,353,633684
Argentina,2026/04/09,abril_2026,35,La T y La M,La T y La M,NA,NA,NA,NA,NA,NA,NA,NA,NA,Argentina,NA,NA,NA,NA,NA,NA,NA,NA,NA,No Se Va,GraceMusic,22,31,76,628696
Argentina,2026/04/09,abril_2026,36,"Callejero Fino, Lea in the Mix",Callejero Fino,Lea in the Mix,NA,NA,NA,NA,NA,NA,NA,NA,Argentina,Argentina,NA,NA,NA,NA,NA,NA,NA,NA,NO LES DA,DALE PLAY Records,36,51,6,627885
Argentina,2026/04/09,abril_2026,37,Intoxicados,Intoxicados,NA,NA,NA,NA,NA,NA,NA,NA,NA,Argentina,NA,NA,NA,NA,NA,NA,NA,NA,NA,Nunca quise,Pop Art,37,55,480,615705
Argentina,2026/04/09,abril_2026,38,BTS,BTS,NA,NA,NA,NA,NA,NA,NA,NA,NA,Corea del Sur,NA,NA,NA,NA,NA,NA,NA,NA,NA,2.0,BIGHIT MUSIC,22,35,3,611634
Argentina,2026/04/09,abril_2026,39,"No Te Va Gustar, Juan Casanova",No Te Va Gustar,Juan Casanova,NA,NA,NA,NA,NA,NA,NA,NA,Uruguay,Uruguay,NA,NA,NA,NA,NA,NA,NA,NA,Tan Lejos,Elefante Blanco,28,50,193,609494
Argentina,2026/04/09,abril_2026,40,Bad Bunny,Bad Bunny,NA,NA,NA,NA,NA,NA,NA,NA,NA,Puerto Rico,NA,NA,NA,NA,NA,NA,NA,NA,NA,EoO,Rimas Entertainment LLC.,8,33,66,587249
Argentina,2026/04/09,abril_2026,41,Dominic Fike,Dominic Fike,NA,NA,NA,NA,NA,NA,NA,NA,NA,Estados Unidos,NA,NA,NA,NA,NA,NA,NA,NA,NA,Babydoll,Columbia,41,69,4,574390
Argentina,2026/04/09,abril_2026,42,Gustavo Cerati,Gustavo Cerati,NA,NA,NA,NA,NA,NA,NA,NA,NA,Argentina,NA,NA,NA,NA,NA,NA,NA,NA,NA,Adiós,Ariola,42,62,171,562410
Argentina,2026/04/09,abril_2026,43,Turf,Turf,NA,NA,NA,NA,NA,NA,NA,NA,NA,Argentina,NA,NA,NA,NA,NA,NA,NA,NA,NA,Pasos Al Costado,Pop Art,43,56,407,558210
Argentina,2026/04/09,abril_2026,44,Danny Ocean,Danny Ocean,NA,NA,NA,NA,NA,NA,NA,NA,NA,Venezuela,NA,NA,NA,NA,NA,NA,NA,NA,NA,Me Rehúso,Atlantic Records,1,68,209,554260
Argentina,2026/04/09,abril_2026,45,"Young Cister, Kreamly",Young Cister,Kreamly,NA,NA,NA,NA,NA,NA,NA,NA,Chile,Chile,NA,NA,NA,NA,NA,NA,NA,NA,QLOO*,Sony Music Entertainment Chile S.A,2,43,41,553675
Argentina,2026/04/09,abril_2026,46,Ciro y los Persas,Ciro y los Persas,NA,NA,NA,NA,NA,NA,NA,NA,NA,Argentina,NA,NA,NA,NA,NA,NA,NA,NA,NA,Me Gusta,300 Producciones,46,79,476,550216
Argentina,2026/04/09,abril_2026,47,"Alleh, Yorghaki",Alleh,Yorghaki,NA,NA,NA,NA,NA,NA,NA,NA,Venezuela,Venezuela,NA,NA,NA,NA,NA,NA,NA,NA,capaz (merengueton),La Ciudad,3,49,65,547229
Argentina,2026/04/09,abril_2026,48,Bad Bunny,Bad Bunny,NA,NA,NA,NA,NA,NA,NA,NA,NA,Puerto Rico,NA,NA,NA,NA,NA,NA,NA,NA,NA,NUEVAYoL,Rimas Entertainment LLC.,5,42,66,547135
Argentina,2026/04/09,abril_2026,49,"Ovy On The Drums, Quevedo, Beéle",Ovy On The Drums,Quevedo,Beéle,NA,NA,NA,NA,NA,NA,NA,Colombia,España,Colombia,NA,NA,NA,NA,NA,NA,NA,YO y TÚ,WEA Latina,4,46,43,539368
Argentina,2026/04/09,abril_2026,50,"Bad Bunny, Ozuna, Farruko, Arcángel, Ñengo Flow, DJ Luian, Mambo Kingz",Bad Bunny,Ozuna,Farruko,Arcángel,Ñengo Flow,DJ Luian,Mambo Kingz,NA,NA,NA,Puerto Rico,Puerto Rico,Puerto Rico,Puerto Rico,Puerto Rico,Puerto Rico,Puerto Rico,NA,NA,NA,Diles,Rimas Entertainment LLC,25,48,115,537538
Chile,2025/11/06,noviembre_2025,1,"Jere Klein, Bayriton, Adan La Amenaza",Jere Klein,Bayriton,Adan La Amenaza,NA,NA,NA,NA,NA,NA,NA,Chile,Chile,Chile,NA,NA,NA,NA,NA,NA,NA,TU Y YO,2025 JERE KLEIN,1,1,2,1791977
Chile,2025/11/06,noviembre_2025,2,"Easykid, Dysbit",Easykid,Dysbit,NA,NA,NA,NA,NA,NA,NA,NA,Chile,Chile,NA,NA,NA,NA,NA,NA,NA,NA,Shiny,Easykid,1,2,21,1658355
Chile,2025/11/06,noviembre_2025,3,Jimin,Jimin,NA,NA,NA,NA,NA,NA,NA,NA,NA,Corea del Sur,NA,NA,NA,NA,NA,NA,NA,NA,NA,Who,BIGHIT MUSIC,1,4,68,1625499
Chile,2025/11/06,noviembre_2025,4,"Germanini, Lyon la f, JhonAlex, Nacho G Flow",Germanini,Lyon la f,JhonAlex,Nacho G Flow,NA,NA,NA,NA,NA,NA,Chile,Chile,Chile,Chile,NA,NA,NA,NA,NA,NA,Comando Estelar,Stars Music Chile 2024,2,3,12,1599336
Chile,2025/11/06,noviembre_2025,5,"Jere Klein, Katteyes, Mateo on the Beatz",Jere Klein,Katteyes,Mateo on the Beatz,NA,NA,NA,NA,NA,NA,NA,Chile,Chile,Chile,NA,NA,NA,NA,NA,NA,NA,TODO KE VER,2025 JERE KLEIN,1,5,13,1461180
Chile,2025/11/06,noviembre_2025,6,"Young Cister, Kreamly",Young Cister,Kreamly,NA,NA,NA,NA,NA,NA,NA,NA,Chile,Chile,NA,NA,NA,NA,NA,NA,NA,NA,QLOO*,Sony Music Entertainment Chile S.A,1,6,24,1273568
Chile,2025/11/06,noviembre_2025,7,"Jere Klein, Mateo on the Beatz",Jere Klein,Mateo on the Beatz,NA,NA,NA,NA,NA,NA,NA,NA,Chile,Chile,NA,NA,NA,NA,NA,NA,NA,NA,DEMONIAKA,2025 JERE KLEIN,3,7,6,1067826
Chile,2025/11/06,noviembre_2025,8,"Kidd Voodoo, JC Reyes",Kidd Voodoo,JC Reyes,NA,NA,NA,NA,NA,NA,NA,NA,Chile,España,NA,NA,NA,NA,NA,NA,NA,NA,Me Mareo,Kidd Voodoo,3,9,20,995943
Chile,2025/11/06,noviembre_2025,9,"Tobal Mj, Lyon la f, Nacho G Flow, Daimi",Tobal Mj,Lyon la f,Nacho G Flow,Daimi,NA,NA,NA,NA,NA,NA,Chile,Chile,Chile,Chile,NA,NA,NA,NA,NA,NA,Te Vas,Tobal Mj,9,-1,1,943014
Chile,2025/11/06,noviembre_2025,10,"Blessd, Anuel AA, Yan Block, Luar La L, Kris R., ROA",Blessd,Anuel AA,Yan Block,Luar La L,Kris R.,ROA,NA,NA,NA,NA,Colombia,Puerto Rico,Puerto Rico,Puerto Rico,Colombia,Puerto Rico,NA,NA,NA,NA,"YOGURCITO REMIX (feat. Kris R., ROA)",WEA Latina,10,14,10,937324
Chile,2025/11/06,noviembre_2025,11,"Lyon la f, Nacho G Flow",Lyon la f,Nacho G Flow,NA,NA,NA,NA,NA,NA,NA,NA,Chile,Chile,NA,NA,NA,NA,NA,NA,NA,NA,NEBULA,pegao company,7,8,4,929956
Chile,2025/11/06,noviembre_2025,12,Jimin,Jimin,NA,NA,NA,NA,NA,NA,NA,NA,NA,Corea del Sur,NA,NA,NA,NA,NA,NA,NA,NA,NA,Be Mine,BIGHIT MUSIC,10,12,15,924829
Chile,2025/11/06,noviembre_2025,13,"Lucky Brown, Big Cvyu",Lucky Brown,Big Cvyu,NA,NA,NA,NA,NA,NA,NA,NA,Chile,Chile,NA,NA,NA,NA,NA,NA,NA,NA,Qué Será,Lucky Brown,4,13,9,896872
Chile,2025/11/06,noviembre_2025,14,"Katteyes, Jere Klein, Lucky Brown",Katteyes,Jere Klein,Lucky Brown,NA,NA,NA,NA,NA,NA,NA,Chile,Chile,Chile,NA,NA,NA,NA,NA,NA,NA,BAILAME ASI,KATTEYES LLC/Sony Music Latin,1,19,20,846994
Chile,2025/11/06,noviembre_2025,15,Lyon la f,Lyon la f,NA,NA,NA,NA,NA,NA,NA,NA,NA,Chile,NA,NA,NA,NA,NA,NA,NA,NA,NA,DESEO,PEGAO COMPANY,14,15,11,839996
Chile,2025/11/06,noviembre_2025,16,"Ovy On The Drums, Quevedo, Beéle",Ovy On The Drums,Quevedo,Beéle,NA,NA,NA,NA,NA,NA,NA,Colombia,España,Colombia,NA,NA,NA,NA,NA,NA,NA,YO y TÚ,WEA Latina,9,16,21,789853
Chile,2025/11/06,noviembre_2025,17,"Tobal Mj, Lucky Brown, Nacho G Flow",Tobal Mj,Lucky Brown,Nacho G Flow,NA,NA,NA,NA,NA,NA,NA,Chile,Chile,Chile,NA,NA,NA,NA,NA,NA,NA,Tiene,Tobal Mj,3,32,36,777077
Chile,2025/11/06,noviembre_2025,18,"Ovy On The Drums, Lucky Brown, Darell",Ovy On The Drums,Lucky Brown,Darell,NA,NA,NA,NA,NA,NA,NA,Colombia,Chile,Puerto Rico,NA,NA,NA,NA,NA,NA,NA,NUBES,WEA Latina,10,24,34,776061
Chile,2025/11/06,noviembre_2025,19,Beéle,Beéle,NA,NA,NA,NA,NA,NA,NA,NA,NA,Colombia,NA,NA,NA,NA,NA,NA,NA,NA,NA,no tiene sentido,5020 Records,7,11,25,764117
Chile,2025/11/06,noviembre_2025,20,"Bad Bunny, Omar Courtz, Dei V",Bad Bunny,Omar Courtz,Dei V,NA,NA,NA,NA,NA,NA,NA,Puerto Rico,Puerto Rico,Puerto Rico,NA,NA,NA,NA,NA,NA,NA,VeLDÁ,Rimas Entertainment LLC.,3,17,44,752149
Chile,2025/11/06,noviembre_2025,21,"W Sound, Beéle, Ovy On The Drums",W Sound,Beéle,Ovy On The Drums,NA,NA,NA,NA,NA,NA,NA,Colombia,Colombia,Colombia,NA,NA,NA,NA,NA,NA,NA,La Plena - W Sound 05,WEA Latina,2,10,37,747460
Chile,2025/11/06,noviembre_2025,22,"HUNTR/X, EJAE, AUDREY NUNA, REI AMI, KPop Demon Hunters Cast",HUNTR/X,EJAE,AUDREY NUNA,REI AMI,KPop Demon Hunters Cast,NA,NA,NA,NA,NA,Estados Unidos,Estados Unidos,Estados Unidos,Corea del Sur,Estados Unidos,NA,NA,NA,NA,NA,Golden,K-Pop Demon Hunters,22,25,19,711693
Chile,2025/11/06,noviembre_2025,23,Katteyes,Katteyes,NA,NA,NA,NA,NA,NA,NA,NA,NA,Chile,NA,NA,NA,NA,NA,NA,NA,NA,NA,VEN ACÁ,Rimas Entertainment LLC.,23,23,2,702356
Chile,2025/11/06,noviembre_2025,24,Kidd Voodoo,Kidd Voodoo,NA,NA,NA,NA,NA,NA,NA,NA,NA,Chile,NA,NA,NA,NA,NA,NA,NA,NA,NA,Destello...,Kidd Voodoo,1,20,13,699882
Chile,2025/11/06,noviembre_2025,25,Cris MJ,Cris MJ,NA,NA,NA,NA,NA,NA,NA,NA,NA,Chile,NA,NA,NA,NA,NA,NA,NA,NA,NA,30 Mil Pies,Sonar LLC.,7,18,4,657837
Chile,2025/11/06,noviembre_2025,26,"Lucky Brown, Jere Klein, Nes",Lucky Brown,Jere Klein,Nes,NA,NA,NA,NA,NA,NA,NA,Chile,Chile,Chile,NA,NA,NA,NA,NA,NA,NA,Bella,Lucky Brown,1,27,26,628430
Chile,2025/11/06,noviembre_2025,27,"Lucky Brown, Tobal Mj, Nacho G Flow",Lucky Brown,Tobal Mj,Nacho G Flow,NA,NA,NA,NA,NA,NA,NA,Chile,Chile,Chile,NA,NA,NA,NA,NA,NA,NA,Zona,Lucky Brown,3,28,18,623911
Chile,2025/11/06,noviembre_2025,28,"Rauw Alejandro, Bad Bunny",Rauw Alejandro,Bad Bunny,NA,NA,NA,NA,NA,NA,NA,NA,Puerto Rico,Puerto Rico,NA,NA,NA,NA,NA,NA,NA,NA,Qué Pasaría...,Sony Music Latin/Duars Entertainment,4,30,51,609363
Chile,2025/11/06,noviembre_2025,29,Bad Bunny,Bad Bunny,NA,NA,NA,NA,NA,NA,NA,NA,NA,Puerto Rico,NA,NA,NA,NA,NA,NA,NA,NA,NA,BAILE INoLVIDABLE,Rimas Entertainment LLC.,1,31,44,591525
Chile,2025/11/06,noviembre_2025,30,Bad Bunny,Bad Bunny,NA,NA,NA,NA,NA,NA,NA,NA,NA,Puerto Rico,NA,NA,NA,NA,NA,NA,NA,NA,NA,EoO,Rimas Entertainment LLC.,6,29,44,585765
Chile,2025/11/06,noviembre_2025,31,"Beéle, Ovy On The Drums",Beéle,Ovy On The Drums,NA,NA,NA,NA,NA,NA,NA,NA,Colombia,Colombia,NA,NA,NA,NA,NA,NA,NA,NA,mi refe,5020 Records,10,22,46,579694
Chile,2025/11/06,noviembre_2025,32,"Bayron Fire, l3tter",Bayron Fire,l3tter,NA,NA,NA,NA,NA,NA,NA,NA,Chile,Chile,NA,NA,NA,NA,NA,NA,NA,NA,Tu Pelo Negro,Bayron Fire,28,55,9,563903
Chile,2025/11/06,noviembre_2025,33,Milo j,Milo j,NA,NA,NA,NA,NA,NA,NA,NA,NA,Argentina,NA,NA,NA,NA,NA,NA,NA,NA,NA,Niño,Sony Music Latin,25,35,6,558095
Chile,2025/11/06,noviembre_2025,34,"Lucky Brown, Jere Klein, Fran C",Lucky Brown,Jere Klein,Fran C,NA,NA,NA,NA,NA,NA,NA,Chile,Chile,Chile,NA,NA,NA,NA,NA,NA,NA,Amor Escondido,Lucky Brown,11,40,26,553330
Chile,2025/11/06,noviembre_2025,35,"Julianno Sosa, benjitalkapone, Jairo Vera",Julianno Sosa,benjitalkapone,Jairo Vera,NA,NA,NA,NA,NA,NA,NA,Chile,Chile,Chile,NA,NA,NA,NA,NA,NA,NA,y ke pa - Remix,SOSA MAFIA,4,46,26,544171
Chile,2025/11/06,noviembre_2025,36,"Kidd Voodoo, Jere Klein, Swift 047",Kidd Voodoo,Jere Klein,Swift 047,NA,NA,NA,NA,NA,NA,NA,Chile,Chile,Chile,NA,NA,NA,NA,NA,NA,NA,WHISKY A LA ROCA,Kidd Voodoo,2,33,42,541468
Chile,2025/11/06,noviembre_2025,37,Rels B,Rels B,NA,NA,NA,NA,NA,NA,NA,NA,NA,España,NA,NA,NA,NA,NA,NA,NA,NA,NA,TU VAS SIN (fav),DALE PLAY Records / Flakk Team,37,37,15,537865
Chile,2025/11/06,noviembre_2025,38,Lyon la f,Lyon la f,NA,NA,NA,NA,NA,NA,NA,NA,NA,Chile,NA,NA,NA,NA,NA,NA,NA,NA,NA,COMO TÚ,Nosotros Somos El Futuro under exclusive license to UnitedMasters LLC,38,43,10,536418
Chile,2025/11/06,noviembre_2025,39,"Lucky Brown, Almighty, Mateo on the Beatz",Lucky Brown,Almighty,Mateo on the Beatz,NA,NA,NA,NA,NA,NA,NA,Chile,Puerto Rico,Chile,NA,NA,NA,NA,NA,NA,NA,Dime Si Te Acuerdas,Lucky Brown,26,26,2,529708
Chile,2025/11/06,noviembre_2025,40,benjitalkapone,benjitalkapone,NA,NA,NA,NA,NA,NA,NA,NA,NA,Chile,NA,NA,NA,NA,NA,NA,NA,NA,NA,Mambinho Brasileño,Nextlevel music,1,21,24,528711
Chile,2025/11/06,noviembre_2025,41,Bad Bunny,Bad Bunny,NA,NA,NA,NA,NA,NA,NA,NA,NA,Puerto Rico,NA,NA,NA,NA,NA,NA,NA,NA,NA,VOY A LLeVARTE PA PR,Rimas Entertainment LLC.,1,38,44,523332
Chile,2025/11/06,noviembre_2025,42,"Lyon la f, Lamelodiadelhampa, Nacho G Flow",Lyon la f,Lamelodiadelhampa,Nacho G Flow,NA,NA,NA,NA,NA,NA,NA,Chile,Chile,Chile,NA,NA,NA,NA,NA,NA,NA,DEJA QUE EL MUNDO SE ACABE,PEGAO COMPANY,19,39,22,520991
Chile,2025/11/06,noviembre_2025,43,"Yan Block, De La Rose, Hades66, Ñengo Flow",Yan Block,De La Rose,Hades66,Ñengo Flow,NA,NA,NA,NA,NA,NA,Puerto Rico,Puerto Rico,Puerto Rico,Puerto Rico,NA,NA,NA,NA,NA,NA,444 - Remix,SONAR LLC.,43,-1,1,500346
Chile,2025/11/06,noviembre_2025,44,"KAROL G, Feid",KAROL G,Feid,NA,NA,NA,NA,NA,NA,NA,NA,Colombia,Colombia,NA,NA,NA,NA,NA,NA,NA,NA,Verano Rosa,Bichota/Interscope Records,14,34,20,500130
Chile,2025/11/06,noviembre_2025,45,"Héctor ""El Father"", Wisin & Yandel","Héctor ""El Father""",Wisin & Yandel,NA,NA,NA,NA,NA,NA,NA,NA,Puerto Rico,Puerto Rico,NA,NA,NA,NA,NA,NA,NA,NA,El Teléfono,Machete Music,45,51,22,490685
Chile,2025/11/06,noviembre_2025,46,"Pailita, Jere Klein, l3tter",Pailita,Jere Klein,l3tter,NA,NA,NA,NA,NA,NA,NA,Chile,Chile,Chile,NA,NA,NA,NA,NA,NA,NA,ENLOKCIENDO,Rimas Entertainment México S.A. de C.V,3,41,19,490091
Chile,2025/11/06,noviembre_2025,47,"Yan Block, Panda Black",Yan Block,Panda Black,NA,NA,NA,NA,NA,NA,NA,NA,Puerto Rico,Puerto Rico,NA,NA,NA,NA,NA,NA,NA,NA,444,SONAR LLC.,37,60,66,484590
Chile,2025/11/06,noviembre_2025,48,"Loyaltty, Marcianeke, Lewis Somes",Loyaltty,Marcianeke,Lewis Somes,NA,NA,NA,NA,NA,NA,NA,Chile,Chile,Chile,NA,NA,NA,NA,NA,NA,NA,SEH,Virgin Music Chile,36,44,4,482694
Chile,2025/11/06,noviembre_2025,49,Arcángel,Arcángel,NA,NA,NA,NA,NA,NA,NA,NA,NA,Puerto Rico,NA,NA,NA,NA,NA,NA,NA,NA,NA,Pa' Que La Pases Bien,Cinq Recordings,47,49,78,482645
Chile,2025/11/06,noviembre_2025,50,Taylor Swift,Taylor Swift,NA,NA,NA,NA,NA,NA,NA,NA,NA,Estados Unidos,NA,NA,NA,NA,NA,NA,NA,NA,NA,The Fate of Ophelia,Taylor Swift,16,45,5,481443
Chile,2025/12/04,diciembre_2025,1,"King Savagge, Lyon la f, Katteyes, Lewis Somes",King Savagge,Lyon la f,Katteyes,Lewis Somes,NA,NA,NA,NA,NA,NA,Chile,Chile,Chile,Chile,NA,NA,NA,NA,NA,NA,Pasajero,King savagge,1,1,3,2100580
Chile,2025/12/04,diciembre_2025,2,"Germanini, Lyon la f, JhonAlex, Nacho G Flow",Germanini,Lyon la f,JhonAlex,Nacho G Flow,NA,NA,NA,NA,NA,NA,Chile,Chile,Chile,Chile,NA,NA,NA,NA,NA,NA,Comando Estelar,Stars Music Chile 2024,1,2,16,1580440
Chile,2025/12/04,diciembre_2025,3,Jimin,Jimin,NA,NA,NA,NA,NA,NA,NA,NA,NA,Corea del Sur,NA,NA,NA,NA,NA,NA,NA,NA,NA,Who,BIGHIT MUSIC,1,3,72,1373303
Chile,2025/12/04,diciembre_2025,4,"Jere Klein, Katteyes, Mateo on the Beatz",Jere Klein,Katteyes,Mateo on the Beatz,NA,NA,NA,NA,NA,NA,NA,Chile,Chile,Chile,NA,NA,NA,NA,NA,NA,NA,TODO KE VER,2025 JERE KLEIN,1,5,17,1159994
Chile,2025/12/04,diciembre_2025,5,"El Bogueto, Yung Beef",El Bogueto,Yung Beef,NA,NA,NA,NA,NA,NA,NA,NA,Mexico,España,NA,NA,NA,NA,NA,NA,NA,NA,Cuando No Era Cantante,Candela Music,5,13,7,1062592
Chile,2025/12/04,diciembre_2025,6,"Easykid, Dysbit",Easykid,Dysbit,NA,NA,NA,NA,NA,NA,NA,NA,Chile,Chile,NA,NA,NA,NA,NA,NA,NA,NA,Shiny,Easykid,1,6,25,1030764
Chile,2025/12/04,diciembre_2025,7,"Young Cister, Kreamly",Young Cister,Kreamly,NA,NA,NA,NA,NA,NA,NA,NA,Chile,Chile,NA,NA,NA,NA,NA,NA,NA,NA,QLOO*,Sony Music Entertainment Chile S.A,1,4,28,1021029
Chile,2025/12/04,diciembre_2025,8,"Blessd, Anuel AA, Yan Block, Luar La L, Kris R., ROA",Blessd,Anuel AA,Yan Block,Luar La L,Kris R.,ROA,NA,NA,NA,NA,Colombia,Puerto Rico,Puerto Rico,Puerto Rico,Colombia,Puerto Rico,NA,NA,NA,NA,"YOGURCITO REMIX (feat. Kris R., ROA)",WEA Latina,8,9,14,1016249
Chile,2025/12/04,diciembre_2025,9,"Jere Klein, Bayriton, Adan La Amenaza",Jere Klein,Bayriton,Adan La Amenaza,NA,NA,NA,NA,NA,NA,NA,Chile,Chile,Chile,NA,NA,NA,NA,NA,NA,NA,TU Y YO,2025 JERE KLEIN,1,8,6,1015125
Chile,2025/12/04,diciembre_2025,10,"W Sound, Cris MJ, Ovy On The Drums",W Sound,Cris MJ,Ovy On The Drums,NA,NA,NA,NA,NA,NA,NA,Colombia,Chile,Colombia,NA,NA,NA,NA,NA,NA,NA,Chica Galáctica - W Sound 07,WEA Latina,10,-1,1,980923
Chile,2025/12/04,diciembre_2025,11,"Tobal Mj, Lyon la f, Nacho G Flow, Daimi",Tobal Mj,Lyon la f,Nacho G Flow,Daimi,NA,NA,NA,NA,NA,NA,Chile,Chile,Chile,Chile,NA,NA,NA,NA,NA,NA,Te Vas,Tobal Mj,4,7,5,943975
Chile,2025/12/04,diciembre_2025,12,"Kidd Voodoo, JC Reyes",Kidd Voodoo,JC Reyes,NA,NA,NA,NA,NA,NA,NA,NA,Chile,España,NA,NA,NA,NA,NA,NA,NA,NA,Me Mareo,Kidd Voodoo,3,11,24,935862
Chile,2025/12/04,diciembre_2025,13,Kidd Voodoo,Kidd Voodoo,NA,NA,NA,NA,NA,NA,NA,NA,NA,Chile,NA,NA,NA,NA,NA,NA,NA,NA,NA,Destello...,Kidd Voodoo,1,12,17,906038
Chile,2025/12/04,diciembre_2025,14,"ROSALÍA, Yahritza Y Su Esencia",ROSALÍA,Yahritza Y Su Esencia,NA,NA,NA,NA,NA,NA,NA,NA,España,Estados Unidos,NA,NA,NA,NA,NA,NA,NA,NA,La Perla,Columbia,14,15,4,875008
Chile,2025/12/04,diciembre_2025,15,"W Sound, Beéle, Ovy On The Drums",W Sound,Beéle,Ovy On The Drums,NA,NA,NA,NA,NA,NA,NA,Colombia,Colombia,Colombia,NA,NA,NA,NA,NA,NA,NA,La Plena - W Sound 05,WEA Latina,2,22,41,811371
Chile,2025/12/04,diciembre_2025,16,"Bizarrap, Daddy Yankee",Bizarrap,Daddy Yankee,NA,NA,NA,NA,NA,NA,NA,NA,Argentina,Puerto Rico,NA,NA,NA,NA,NA,NA,NA,NA,"Daddy Yankee: Bzrp Music Sessions, Vol. 0/66",DALE PLAY Records,3,10,5,804917
Chile,2025/12/04,diciembre_2025,17,"Jere Klein, Mateo on the Beatz",Jere Klein,Mateo on the Beatz,NA,NA,NA,NA,NA,NA,NA,NA,Chile,Chile,NA,NA,NA,NA,NA,NA,NA,NA,DEMONIAKA,2025 JERE KLEIN,3,14,10,798420
Chile,2025/12/04,diciembre_2025,18,"Katteyes, Jere Klein, Lucky Brown",Katteyes,Jere Klein,Lucky Brown,NA,NA,NA,NA,NA,NA,NA,Chile,Chile,Chile,NA,NA,NA,NA,NA,NA,NA,BAILAME ASI,KATTEYES LLC/Sony Music Latin,1,21,24,759628
Chile,2025/12/04,diciembre_2025,19,"Ovy On The Drums, Quevedo, Beéle",Ovy On The Drums,Quevedo,Beéle,NA,NA,NA,NA,NA,NA,NA,Colombia,España,Colombia,NA,NA,NA,NA,NA,NA,NA,YO y TÚ,WEA Latina,9,16,25,742955
Chile,2025/12/04,diciembre_2025,20,"Tobal Mj, Lucky Brown, Nacho G Flow",Tobal Mj,Lucky Brown,Nacho G Flow,NA,NA,NA,NA,NA,NA,NA,Chile,Chile,Chile,NA,NA,NA,NA,NA,NA,NA,Tiene,Tobal Mj,3,28,40,727057
Chile,2025/12/04,diciembre_2025,21,Lyon la f,Lyon la f,NA,NA,NA,NA,NA,NA,NA,NA,NA,Chile,NA,NA,NA,NA,NA,NA,NA,NA,NA,DESEO,PEGAO COMPANY,13,20,15,719503
Chile,2025/12/04,diciembre_2025,22,"Lucky Brown, Big Cvyu",Lucky Brown,Big Cvyu,NA,NA,NA,NA,NA,NA,NA,NA,Chile,Chile,NA,NA,NA,NA,NA,NA,NA,NA,Qué Será,Lucky Brown,4,17,13,713732
Chile,2025/12/04,diciembre_2025,23,"Héctor ""El Father"", Wisin & Yandel","Héctor ""El Father""",Wisin & Yandel,NA,NA,NA,NA,NA,NA,NA,NA,Puerto Rico,Puerto Rico,NA,NA,NA,NA,NA,NA,NA,NA,El Teléfono,Machete Music,23,25,26,704565
Chile,2025/12/04,diciembre_2025,24,Beéle,Beéle,NA,NA,NA,NA,NA,NA,NA,NA,NA,Colombia,NA,NA,NA,NA,NA,NA,NA,NA,NA,no tiene sentido,5020 Records,7,23,29,690872
Chile,2025/12/04,diciembre_2025,25,Rels B,Rels B,NA,NA,NA,NA,NA,NA,NA,NA,NA,España,NA,NA,NA,NA,NA,NA,NA,NA,NA,TU VAS SIN (fav),DALE PLAY Records / Flakk Team,19,19,19,688303
Chile,2025/12/04,diciembre_2025,26,"Lyon la f, Nacho G Flow",Lyon la f,Nacho G Flow,NA,NA,NA,NA,NA,NA,NA,NA,Chile,Chile,NA,NA,NA,NA,NA,NA,NA,NA,NEBULA,pegao company,7,18,8,669621
Chile,2025/12/04,diciembre_2025,27,"Ovy On The Drums, Lucky Brown, Darell",Ovy On The Drums,Lucky Brown,Darell,NA,NA,NA,NA,NA,NA,NA,Colombia,Chile,Puerto Rico,NA,NA,NA,NA,NA,NA,NA,NUBES,WEA Latina,10,24,38,661713
Chile,2025/12/04,diciembre_2025,28,Cris MJ,Cris MJ,NA,NA,NA,NA,NA,NA,NA,NA,NA,Chile,NA,NA,NA,NA,NA,NA,NA,NA,NA,30 Mil Pies,Sonar LLC.,7,26,8,657962
Chile,2025/12/04,diciembre_2025,29,benjitalkapone,benjitalkapone,NA,NA,NA,NA,NA,NA,NA,NA,NA,Chile,NA,NA,NA,NA,NA,NA,NA,NA,NA,Mambinho Brasileño,Nextlevel music,1,51,28,645197
Chile,2025/12/04,diciembre_2025,30,Bad Bunny,Bad Bunny,NA,NA,NA,NA,NA,NA,NA,NA,NA,Puerto Rico,NA,NA,NA,NA,NA,NA,NA,NA,NA,BAILE INoLVIDABLE,Rimas Entertainment LLC.,1,30,48,642683
Chile,2025/12/04,diciembre_2025,31,"Bad Bunny, Omar Courtz, Dei V",Bad Bunny,Omar Courtz,Dei V,NA,NA,NA,NA,NA,NA,NA,Puerto Rico,Puerto Rico,Puerto Rico,NA,NA,NA,NA,NA,NA,NA,VeLDÁ,Rimas Entertainment LLC.,3,29,48,638557
Chile,2025/12/04,diciembre_2025,32,"SINAKA, Easykid",SINAKA,Easykid,NA,NA,NA,NA,NA,NA,NA,NA,Chile,Chile,NA,NA,NA,NA,NA,NA,NA,NA,DESCONTROL,2025 Sinaka under exclusive license to BZR Music LLC,32,36,2,625966
Chile,2025/12/04,diciembre_2025,33,"Bayron Fire, l3tter",Bayron Fire,l3tter,NA,NA,NA,NA,NA,NA,NA,NA,Chile,Chile,NA,NA,NA,NA,NA,NA,NA,NA,Tu Pelo Negro,Bayron Fire,26,27,13,609901
Chile,2025/12/04,diciembre_2025,34,Milo j,Milo j,NA,NA,NA,NA,NA,NA,NA,NA,NA,Argentina,NA,NA,NA,NA,NA,NA,NA,NA,NA,Niño,Sony Music Latin,25,31,10,601776
Chile,2025/12/04,diciembre_2025,35,"Lucky Brown, Tobal Mj, Nacho G Flow",Lucky Brown,Tobal Mj,Nacho G Flow,NA,NA,NA,NA,NA,NA,NA,Chile,Chile,Chile,NA,NA,NA,NA,NA,NA,NA,Zona,Lucky Brown,3,33,22,591297
Chile,2025/12/04,diciembre_2025,36,"Kidd Voodoo, Jere Klein, Swift 047",Kidd Voodoo,Jere Klein,Swift 047,NA,NA,NA,NA,NA,NA,NA,Chile,Chile,Chile,NA,NA,NA,NA,NA,NA,NA,WHISKY A LA ROCA,Kidd Voodoo,2,35,46,586657
Chile,2025/12/04,diciembre_2025,37,SINAKA,SINAKA,NA,NA,NA,NA,NA,NA,NA,NA,NA,Chile,NA,NA,NA,NA,NA,NA,NA,NA,NA,SENDA BELLAKONA,2025 Sinaka under exclusive license to BZR Music LLC,37,62,2,579770
Chile,2025/12/04,diciembre_2025,38,"Rauw Alejandro, Bad Bunny",Rauw Alejandro,Bad Bunny,NA,NA,NA,NA,NA,NA,NA,NA,Puerto Rico,Puerto Rico,NA,NA,NA,NA,NA,NA,NA,NA,Qué Pasaría...,Sony Music Latin/Duars Entertainment,4,47,55,568305
Chile,2025/12/04,diciembre_2025,39,"Jere Klein, Adan La Amenaza",Jere Klein,Adan La Amenaza,NA,NA,NA,NA,NA,NA,NA,NA,Chile,Chile,NA,NA,NA,NA,NA,NA,NA,NA,NO ME DIGAS,2025 JERE KLEIN,39,-1,1,560556
Chile,2025/12/04,diciembre_2025,40,"Lucky Brown, Jere Klein, Nes",Lucky Brown,Jere Klein,Nes,NA,NA,NA,NA,NA,NA,NA,Chile,Chile,Chile,NA,NA,NA,NA,NA,NA,NA,Bella,Lucky Brown,1,38,30,559447
Chile,2025/12/04,diciembre_2025,41,"HUNTR/X, EJAE, AUDREY NUNA, REI AMI, KPop Demon Hunters Cast",HUNTR/X,EJAE,AUDREY NUNA,REI AMI,KPop Demon Hunters Cast,NA,NA,NA,NA,NA,Estados Unidos,Estados Unidos,Estados Unidos,Corea del Sur,Estados Unidos,NA,NA,NA,NA,NA,Golden,K-Pop Demon Hunters,22,34,23,556177
Chile,2025/12/04,diciembre_2025,42,"Lucky Brown, Jere Klein, Fran C",Lucky Brown,Jere Klein,Fran C,NA,NA,NA,NA,NA,NA,NA,Chile,Chile,Chile,NA,NA,NA,NA,NA,NA,NA,Amor Escondido,Lucky Brown,11,40,30,545489
Chile,2025/12/04,diciembre_2025,43,Bad Bunny,Bad Bunny,NA,NA,NA,NA,NA,NA,NA,NA,NA,Puerto Rico,NA,NA,NA,NA,NA,NA,NA,NA,NA,VOY A LLeVARTE PA PR,Rimas Entertainment LLC.,1,43,48,544384
Chile,2025/12/04,diciembre_2025,44,"Beéle, Ovy On The Drums",Beéle,Ovy On The Drums,NA,NA,NA,NA,NA,NA,NA,NA,Colombia,Colombia,NA,NA,NA,NA,NA,NA,NA,NA,mi refe,5020 Records,10,32,50,538536
Chile,2025/12/04,diciembre_2025,45,"Eloy, Randy Nota Loca",Eloy,Randy Nota Loca,NA,NA,NA,NA,NA,NA,NA,NA,Puerto Rico,Puerto Rico,NA,NA,NA,NA,NA,NA,NA,NA,Fuera del Planeta,All In Music,39,46,24,532270
Chile,2025/12/04,diciembre_2025,46,"Julianno Sosa, benjitalkapone, Jairo Vera",Julianno Sosa,benjitalkapone,Jairo Vera,NA,NA,NA,NA,NA,NA,NA,Chile,Chile,Chile,NA,NA,NA,NA,NA,NA,NA,y ke pa - Remix,SOSA MAFIA,4,37,30,529439
Chile,2025/12/04,diciembre_2025,47,Zion & Lennox,Zion & Lennox,NA,NA,NA,NA,NA,NA,NA,NA,NA,Puerto Rico,NA,NA,NA,NA,NA,NA,NA,NA,NA,La player (Bandolera),WEA Latina,1,44,131,522983
Chile,2025/12/04,diciembre_2025,48,Taylor Swift,Taylor Swift,NA,NA,NA,NA,NA,NA,NA,NA,NA,Estados Unidos,NA,NA,NA,NA,NA,NA,NA,NA,NA,The Fate of Ophelia,Taylor Swift,16,39,9,496302
Chile,2025/12/04,diciembre_2025,49,"Jory Boy, Chencho Corleone",Jory Boy,Chencho Corleone,NA,NA,NA,NA,NA,NA,NA,NA,Puerto Rico,Puerto Rico,NA,NA,NA,NA,NA,NA,NA,NA,Incorregible,2025 La Base Music Group,49,52,3,469577
Chile,2025/12/04,diciembre_2025,50,Bad Bunny,Bad Bunny,NA,NA,NA,NA,NA,NA,NA,NA,NA,Puerto Rico,NA,NA,NA,NA,NA,NA,NA,NA,NA,EoO,Rimas Entertainment LLC.,6,49,48,466857
Chile,2026/01/08,enero_2026,1,Jimin,Jimin,NA,NA,NA,NA,NA,NA,NA,NA,NA,Corea del Sur,NA,NA,NA,NA,NA,NA,NA,NA,NA,Who,BIGHIT MUSIC,1,1,77,1466430
Chile,2026/01/08,enero_2026,2,SINAKA,SINAKA,NA,NA,NA,NA,NA,NA,NA,NA,NA,Chile,NA,NA,NA,NA,NA,NA,NA,NA,NA,SENDA BELLAKONA,2025 Sinaka under exclusive license to BZR Music LLC,2,2,7,1385840
Chile,2026/01/08,enero_2026,3,"El Bogueto, Yung Beef",El Bogueto,Yung Beef,NA,NA,NA,NA,NA,NA,NA,NA,Mexico,España,NA,NA,NA,NA,NA,NA,NA,NA,Cuando No Era Cantante,Candela Music,3,5,12,1156730
Chile,2026/01/08,enero_2026,4,"Germanini, Lyon la f, JhonAlex, Nacho G Flow",Germanini,Lyon la f,JhonAlex,Nacho G Flow,NA,NA,NA,NA,NA,NA,Chile,Chile,Chile,Chile,NA,NA,NA,NA,NA,NA,Comando Estelar,Stars Music Chile 2024,1,3,21,1156100
Chile,2026/01/08,enero_2026,5,"King Savagge, Lyon la f, Katteyes, Lewis Somes",King Savagge,Lyon la f,Katteyes,Lewis Somes,NA,NA,NA,NA,NA,NA,Chile,Chile,Chile,Chile,NA,NA,NA,NA,NA,NA,Pasajero,King savagge,1,4,8,1067524
Chile,2026/01/08,enero_2026,6,"El Bogueto, Anuel AA, Fuerza Regida, Yung Beef",El Bogueto,Anuel AA,Fuerza Regida,Yung Beef,NA,NA,NA,NA,NA,NA,Mexico,Puerto Rico,Mexico,España,NA,NA,NA,NA,NA,NA,Cuando No Era Cantante - Remix,El Bogueto,6,6,4,1037461
Chile,2026/01/08,enero_2026,7,Beéle,Beéle,NA,NA,NA,NA,NA,NA,NA,NA,NA,Colombia,NA,NA,NA,NA,NA,NA,NA,NA,NA,no tiene sentido,5020 Records,7,17,34,879181
Chile,2026/01/08,enero_2026,8,"W Sound, Beéle, Ovy On The Drums",W Sound,Beéle,Ovy On The Drums,NA,NA,NA,NA,NA,NA,NA,Colombia,Colombia,Colombia,NA,NA,NA,NA,NA,NA,NA,La Plena - W Sound 05,WEA Latina,2,9,46,875725
Chile,2026/01/08,enero_2026,9,Bad Bunny,Bad Bunny,NA,NA,NA,NA,NA,NA,NA,NA,NA,Puerto Rico,NA,NA,NA,NA,NA,NA,NA,NA,NA,BAILE INoLVIDABLE,Rimas Entertainment LLC.,1,12,53,872178
Chile,2026/01/08,enero_2026,10,"Jere Klein, Katteyes, Mateo on the Beatz",Jere Klein,Katteyes,Mateo on the Beatz,NA,NA,NA,NA,NA,NA,NA,Chile,Chile,Chile,NA,NA,NA,NA,NA,NA,NA,TODO KE VER,2025 JERE KLEIN,1,8,22,864713
Chile,2026/01/08,enero_2026,11,Djo,Djo,NA,NA,NA,NA,NA,NA,NA,NA,NA,Estados Unidos,NA,NA,NA,NA,NA,NA,NA,NA,NA,End of Beginning,Djo,11,66,22,790264
Chile,2026/01/08,enero_2026,12,"Cris MJ, Reelian",Cris MJ,Reelian,NA,NA,NA,NA,NA,NA,NA,NA,Chile,Chile,NA,NA,NA,NA,NA,NA,NA,NA,Pensando Brigido,SONAR LLC.,11,11,2,782692
Chile,2026/01/08,enero_2026,13,"Blessd, Anuel AA, Yan Block, Luar La L, Kris R., ROA",Blessd,Anuel AA,Yan Block,Luar La L,Kris R.,ROA,NA,NA,NA,NA,Colombia,Puerto Rico,Puerto Rico,Puerto Rico,Colombia,Puerto Rico,NA,NA,NA,NA,"YOGURCITO REMIX (feat. Kris R., ROA)",WEA Latina,8,13,19,767115
Chile,2026/01/08,enero_2026,14,"ROSALÍA, Yahritza Y Su Esencia",ROSALÍA,Yahritza Y Su Esencia,NA,NA,NA,NA,NA,NA,NA,NA,España,Estados Unidos,NA,NA,NA,NA,NA,NA,NA,NA,La Perla,Columbia,9,16,9,756742
Chile,2026/01/08,enero_2026,15,"Young Cister, Kreamly",Young Cister,Kreamly,NA,NA,NA,NA,NA,NA,NA,NA,Chile,Chile,NA,NA,NA,NA,NA,NA,NA,NA,QLOO*,Sony Music Entertainment Chile S.A,1,7,33,715678
Chile,2026/01/08,enero_2026,16,"Easykid, Dysbit",Easykid,Dysbit,NA,NA,NA,NA,NA,NA,NA,NA,Chile,Chile,NA,NA,NA,NA,NA,NA,NA,NA,Shiny,Easykid,1,14,30,714968
Chile,2026/01/08,enero_2026,17,"Jere Klein, Bayriton, Adan La Amenaza",Jere Klein,Bayriton,Adan La Amenaza,NA,NA,NA,NA,NA,NA,NA,Chile,Chile,Chile,NA,NA,NA,NA,NA,NA,NA,TU Y YO,2025 JERE KLEIN,1,15,11,699871
Chile,2026/01/08,enero_2026,18,"Bad Bunny, Omar Courtz, Dei V",Bad Bunny,Omar Courtz,Dei V,NA,NA,NA,NA,NA,NA,NA,Puerto Rico,Puerto Rico,Puerto Rico,NA,NA,NA,NA,NA,NA,NA,VeLDÁ,Rimas Entertainment LLC.,3,31,53,698276
Chile,2026/01/08,enero_2026,19,"Kidd Voodoo, JC Reyes",Kidd Voodoo,JC Reyes,NA,NA,NA,NA,NA,NA,NA,NA,Chile,España,NA,NA,NA,NA,NA,NA,NA,NA,Me Mareo,Kidd Voodoo,3,18,29,680814
Chile,2026/01/08,enero_2026,20,Bad Bunny,Bad Bunny,NA,NA,NA,NA,NA,NA,NA,NA,NA,Puerto Rico,NA,NA,NA,NA,NA,NA,NA,NA,NA,VOY A LLeVARTE PA PR,Rimas Entertainment LLC.,1,33,53,679302
Chile,2026/01/08,enero_2026,21,"Cris MJ, Panda Black",Cris MJ,Panda Black,NA,NA,NA,NA,NA,NA,NA,NA,Chile,Puerto Rico,NA,NA,NA,NA,NA,NA,NA,NA,Botellita De Champagne,SONAR LLC.,10,10,2,666891
Chile,2026/01/08,enero_2026,22,Bad Bunny,Bad Bunny,NA,NA,NA,NA,NA,NA,NA,NA,NA,Puerto Rico,NA,NA,NA,NA,NA,NA,NA,NA,NA,EoO,Rimas Entertainment LLC.,6,34,53,661021
Chile,2026/01/08,enero_2026,23,Bad Bunny,Bad Bunny,NA,NA,NA,NA,NA,NA,NA,NA,NA,Puerto Rico,NA,NA,NA,NA,NA,NA,NA,NA,NA,DtMF,Rimas Entertainment LLC.,1,26,53,658089
Chile,2026/01/08,enero_2026,24,"Beéle, Ovy On The Drums",Beéle,Ovy On The Drums,NA,NA,NA,NA,NA,NA,NA,NA,Colombia,Colombia,NA,NA,NA,NA,NA,NA,NA,NA,mi refe,5020 Records,10,53,55,651677
Chile,2026/01/08,enero_2026,25,"Héctor ""El Father"", Wisin & Yandel","Héctor ""El Father""",Wisin & Yandel,NA,NA,NA,NA,NA,NA,NA,NA,Puerto Rico,Puerto Rico,NA,NA,NA,NA,NA,NA,NA,NA,El Teléfono,Machete Music,20,20,31,639890
Chile,2026/01/08,enero_2026,26,"Tobal Mj, Lyon la f, Nacho G Flow, Daimi",Tobal Mj,Lyon la f,Nacho G Flow,Daimi,NA,NA,NA,NA,NA,NA,Chile,Chile,Chile,Chile,NA,NA,NA,NA,NA,NA,Te Vas,Tobal Mj,4,19,10,632363
Chile,2026/01/08,enero_2026,27,"W Sound, Cris MJ, Ovy On The Drums",W Sound,Cris MJ,Ovy On The Drums,NA,NA,NA,NA,NA,NA,NA,Colombia,Chile,Colombia,NA,NA,NA,NA,NA,NA,NA,Chica Galáctica - W Sound 07,WEA Latina,10,44,6,628000
Chile,2026/01/08,enero_2026,28,"SINAKA, Easykid",SINAKA,Easykid,NA,NA,NA,NA,NA,NA,NA,NA,Chile,Chile,NA,NA,NA,NA,NA,NA,NA,NA,DESCONTROL,2025 Sinaka under exclusive license to BZR Music LLC,24,28,7,626513
Chile,2026/01/08,enero_2026,29,Rels B,Rels B,NA,NA,NA,NA,NA,NA,NA,NA,NA,España,NA,NA,NA,NA,NA,NA,NA,NA,NA,TU VAS SIN (fav),DALE PLAY Records / Flakk Team,19,25,24,622542
Chile,2026/01/08,enero_2026,30,benjitalkapone,benjitalkapone,NA,NA,NA,NA,NA,NA,NA,NA,NA,Chile,NA,NA,NA,NA,NA,NA,NA,NA,NA,Mambinho Brasileño,Nextlevel music,1,29,33,587598
Chile,2026/01/08,enero_2026,31,Bad Bunny,Bad Bunny,NA,NA,NA,NA,NA,NA,NA,NA,NA,Puerto Rico,NA,NA,NA,NA,NA,NA,NA,NA,NA,NUEVAYoL,Rimas Entertainment LLC.,5,52,53,574221
Chile,2026/01/08,enero_2026,32,"Tobal Mj, Lucky Brown, Nacho G Flow",Tobal Mj,Lucky Brown,Nacho G Flow,NA,NA,NA,NA,NA,NA,NA,Chile,Chile,Chile,NA,NA,NA,NA,NA,NA,NA,Tiene,Tobal Mj,3,21,45,573418
Chile,2026/01/08,enero_2026,33,Cris MJ,Cris MJ,NA,NA,NA,NA,NA,NA,NA,NA,NA,Chile,NA,NA,NA,NA,NA,NA,NA,NA,NA,30 Mil Pies,Sonar LLC.,7,30,13,563034
Chile,2026/01/08,enero_2026,34,Bad Bunny,Bad Bunny,NA,NA,NA,NA,NA,NA,NA,NA,NA,Puerto Rico,NA,NA,NA,NA,NA,NA,NA,NA,NA,KLOuFRENS,Rimas Entertainment LLC.,9,61,53,547760
Chile,2026/01/08,enero_2026,35,Kidd Voodoo,Kidd Voodoo,NA,NA,NA,NA,NA,NA,NA,NA,NA,Chile,NA,NA,NA,NA,NA,NA,NA,NA,NA,Destello...,Kidd Voodoo,1,32,22,546050
Chile,2026/01/08,enero_2026,36,"Lucky Brown, Big Cvyu",Lucky Brown,Big Cvyu,NA,NA,NA,NA,NA,NA,NA,NA,Chile,Chile,NA,NA,NA,NA,NA,NA,NA,NA,Qué Será,Lucky Brown,4,24,18,542542
Chile,2026/01/08,enero_2026,37,Milo j,Milo j,NA,NA,NA,NA,NA,NA,NA,NA,NA,Argentina,NA,NA,NA,NA,NA,NA,NA,NA,NA,Niño,Sony Music Latin,25,43,15,537150
Chile,2026/01/08,enero_2026,38,"Bizarrap, Daddy Yankee",Bizarrap,Daddy Yankee,NA,NA,NA,NA,NA,NA,NA,NA,Argentina,Puerto Rico,NA,NA,NA,NA,NA,NA,NA,NA,"Daddy Yankee: Bzrp Music Sessions, Vol. 0/66",DALE PLAY Records,3,38,10,521288
Chile,2026/01/08,enero_2026,39,Zion & Lennox,Zion & Lennox,NA,NA,NA,NA,NA,NA,NA,NA,NA,Puerto Rico,NA,NA,NA,NA,NA,NA,NA,NA,NA,La player (Bandolera),WEA Latina,1,68,136,510648
Chile,2026/01/08,enero_2026,40,"Ovy On The Drums, Quevedo, Beéle",Ovy On The Drums,Quevedo,Beéle,NA,NA,NA,NA,NA,NA,NA,Colombia,España,Colombia,NA,NA,NA,NA,NA,NA,NA,YO y TÚ,WEA Latina,9,22,30,509404
Chile,2026/01/08,enero_2026,41,"Eloy, Randy Nota Loca",Eloy,Randy Nota Loca,NA,NA,NA,NA,NA,NA,NA,NA,Puerto Rico,Puerto Rico,NA,NA,NA,NA,NA,NA,NA,NA,Fuera del Planeta,All In Music,36,63,29,504561
Chile,2026/01/08,enero_2026,42,Lyon la f,Lyon la f,NA,NA,NA,NA,NA,NA,NA,NA,NA,Chile,NA,NA,NA,NA,NA,NA,NA,NA,NA,DESEO,PEGAO COMPANY,13,35,20,499216
Chile,2026/01/08,enero_2026,43,"Katteyes, Jere Klein, Lucky Brown",Katteyes,Jere Klein,Lucky Brown,NA,NA,NA,NA,NA,NA,NA,Chile,Chile,Chile,NA,NA,NA,NA,NA,NA,NA,BAILAME ASI,KATTEYES LLC/Sony Music Latin,1,39,29,489487
Chile,2026/01/08,enero_2026,44,The Police,The Police,NA,NA,NA,NA,NA,NA,NA,NA,NA,Reino Unido,NA,NA,NA,NA,NA,NA,NA,NA,NA,Every Breath You Take,Polydor Records,44,77,314,489212
Chile,2026/01/08,enero_2026,45,"Romeo Santos, Prince Royce",Romeo Santos,Prince Royce,NA,NA,NA,NA,NA,NA,NA,NA,Estados Unidos,Estados Unidos,NA,NA,NA,NA,NA,NA,NA,NA,Dardos,Sony Music Latin,45,102,3,483009
Chile,2026/01/08,enero_2026,46,"Jere Klein, Mateo on the Beatz",Jere Klein,Mateo on the Beatz,NA,NA,NA,NA,NA,NA,NA,NA,Chile,Chile,NA,NA,NA,NA,NA,NA,NA,NA,DEMONIAKA,2025 JERE KLEIN,3,42,15,482842
Chile,2026/01/08,enero_2026,47,"Lucky Brown, Jere Klein, Nes",Lucky Brown,Jere Klein,Nes,NA,NA,NA,NA,NA,NA,NA,Chile,Chile,Chile,NA,NA,NA,NA,NA,NA,NA,Bella,Lucky Brown,1,46,35,482797
Chile,2026/01/08,enero_2026,48,"Bayron Fire, l3tter",Bayron Fire,l3tter,NA,NA,NA,NA,NA,NA,NA,NA,Chile,Chile,NA,NA,NA,NA,NA,NA,NA,NA,Tu Pelo Negro,Bayron Fire,26,51,18,468745
Chile,2026/01/08,enero_2026,49,"Ovy On The Drums, Lucky Brown, Darell",Ovy On The Drums,Lucky Brown,Darell,NA,NA,NA,NA,NA,NA,NA,Colombia,Chile,Puerto Rico,NA,NA,NA,NA,NA,NA,NA,NUBES,WEA Latina,10,48,43,462755
Chile,2026/01/08,enero_2026,50,Taylor Swift,Taylor Swift,NA,NA,NA,NA,NA,NA,NA,NA,NA,Estados Unidos,NA,NA,NA,NA,NA,NA,NA,NA,NA,The Fate of Ophelia,Taylor Swift,16,58,14,459502
Chile,2026/02/05,febrero_2026,1,"Katteyes, SINAKA",Katteyes,SINAKA,NA,NA,NA,NA,NA,NA,NA,NA,Chile,Chile,NA,NA,NA,NA,NA,NA,NA,NA,ALO,Rimas Entertainment LLC.,1,-1,1,2279931
Chile,2026/02/05,febrero_2026,2,SINAKA,SINAKA,NA,NA,NA,NA,NA,NA,NA,NA,NA,Chile,NA,NA,NA,NA,NA,NA,NA,NA,NA,SENDA BELLAKONA,2025 Sinaka under exclusive license to BZR Music LLC,1,1,11,1813961
Chile,2026/02/05,febrero_2026,3,Jimin,Jimin,NA,NA,NA,NA,NA,NA,NA,NA,NA,Corea del Sur,NA,NA,NA,NA,NA,NA,NA,NA,NA,Who,BIGHIT MUSIC,1,2,81,1300227
Chile,2026/02/05,febrero_2026,4,"King Savagge, Lyon la f, Katteyes, Lewis Somes",King Savagge,Lyon la f,Katteyes,Lewis Somes,NA,NA,NA,NA,NA,NA,Chile,Chile,Chile,Chile,NA,NA,NA,NA,NA,NA,Pasajero,King savagge,1,7,12,1154683
Chile,2026/02/05,febrero_2026,5,"El Bogueto, Anuel AA, Fuerza Regida, Yung Beef",El Bogueto,Anuel AA,Fuerza Regida,Yung Beef,NA,NA,NA,NA,NA,NA,Mexico,Puerto Rico,Mexico,España,NA,NA,NA,NA,NA,NA,Cuando No Era Cantante - Remix,El Bogueto,3,3,8,1131235
Chile,2026/02/05,febrero_2026,6,Bad Bunny,Bad Bunny,NA,NA,NA,NA,NA,NA,NA,NA,NA,Puerto Rico,NA,NA,NA,NA,NA,NA,NA,NA,NA,BAILE INoLVIDABLE,Rimas Entertainment LLC.,1,8,57,987800
Chile,2026/02/05,febrero_2026,7,"Bad Bunny, Omar Courtz, Dei V",Bad Bunny,Omar Courtz,Dei V,NA,NA,NA,NA,NA,NA,NA,Puerto Rico,Puerto Rico,Puerto Rico,NA,NA,NA,NA,NA,NA,NA,VeLDÁ,Rimas Entertainment LLC.,3,9,57,941932
Chile,2026/02/05,febrero_2026,8,"Germanini, Lyon la f, JhonAlex, Nacho G Flow",Germanini,Lyon la f,JhonAlex,Nacho G Flow,NA,NA,NA,NA,NA,NA,Chile,Chile,Chile,Chile,NA,NA,NA,NA,NA,NA,Comando Estelar,Stars Music Chile 2024,1,5,25,907939
Chile,2026/02/05,febrero_2026,9,Bad Bunny,Bad Bunny,NA,NA,NA,NA,NA,NA,NA,NA,NA,Puerto Rico,NA,NA,NA,NA,NA,NA,NA,NA,NA,VOY A LLeVARTE PA PR,Rimas Entertainment LLC.,1,10,57,883125
Chile,2026/02/05,febrero_2026,10,"El Bogueto, Yung Beef",El Bogueto,Yung Beef,NA,NA,NA,NA,NA,NA,NA,NA,Mexico,España,NA,NA,NA,NA,NA,NA,NA,NA,Cuando No Era Cantante,Candela Music,3,4,16,877975
Chile,2026/02/05,febrero_2026,11,Bad Bunny,Bad Bunny,NA,NA,NA,NA,NA,NA,NA,NA,NA,Puerto Rico,NA,NA,NA,NA,NA,NA,NA,NA,NA,EoO,Rimas Entertainment LLC.,6,13,57,853926
Chile,2026/02/05,febrero_2026,12,Beéle,Beéle,NA,NA,NA,NA,NA,NA,NA,NA,NA,Colombia,NA,NA,NA,NA,NA,NA,NA,NA,NA,no tiene sentido,5020 Records,6,6,38,853020
Chile,2026/02/05,febrero_2026,13,Bad Bunny,Bad Bunny,NA,NA,NA,NA,NA,NA,NA,NA,NA,Puerto Rico,NA,NA,NA,NA,NA,NA,NA,NA,NA,DtMF,Rimas Entertainment LLC.,1,19,57,820658
Chile,2026/02/05,febrero_2026,14,"Jere Klein, Katteyes, Mateo on the Beatz",Jere Klein,Katteyes,Mateo on the Beatz,NA,NA,NA,NA,NA,NA,NA,Chile,Chile,Chile,NA,NA,NA,NA,NA,NA,NA,TODO KE VER,2025 JERE KLEIN,1,12,26,801739
Chile,2026/02/05,febrero_2026,15,"SINAKA, Easykid",SINAKA,Easykid,NA,NA,NA,NA,NA,NA,NA,NA,Chile,Chile,NA,NA,NA,NA,NA,NA,NA,NA,DESCONTROL,2025 Sinaka under exclusive license to BZR Music LLC,15,18,11,799219
Chile,2026/02/05,febrero_2026,16,"Ryan Castro, Kapo, Gangsta",Ryan Castro,Kapo,Gangsta,NA,NA,NA,NA,NA,NA,NA,Colombia,Colombia,Colombia,NA,NA,NA,NA,NA,NA,NA,LA VILLA,AWOO Corp./Sony Music Latin,16,16,5,779613
Chile,2026/02/05,febrero_2026,17,"W Sound, Beéle, Ovy On The Drums",W Sound,Beéle,Ovy On The Drums,NA,NA,NA,NA,NA,NA,NA,Colombia,Colombia,Colombia,NA,NA,NA,NA,NA,NA,NA,La Plena - W Sound 05,WEA Latina,2,11,50,754743
Chile,2026/02/05,febrero_2026,18,Rels B,Rels B,NA,NA,NA,NA,NA,NA,NA,NA,NA,España,NA,NA,NA,NA,NA,NA,NA,NA,NA,TU VAS SIN (fav),DALE PLAY Records / Flakk Team,17,17,28,709202
Chile,2026/02/05,febrero_2026,19,"Eloy, Randy Nota Loca",Eloy,Randy Nota Loca,NA,NA,NA,NA,NA,NA,NA,NA,Puerto Rico,Puerto Rico,NA,NA,NA,NA,NA,NA,NA,NA,Fuera del Planeta,All In Music,19,20,33,689013
Chile,2026/02/05,febrero_2026,20,"Blessd, Anuel AA, Yan Block, Luar La L, Kris R., ROA",Blessd,Anuel AA,Yan Block,Luar La L,Kris R.,ROA,NA,NA,NA,NA,Colombia,Puerto Rico,Puerto Rico,Puerto Rico,Colombia,Puerto Rico,NA,NA,NA,NA,"YOGURCITO REMIX (feat. Kris R., ROA)",WEA Latina,8,15,23,688464
Chile,2026/02/05,febrero_2026,21,Bad Bunny,Bad Bunny,NA,NA,NA,NA,NA,NA,NA,NA,NA,Puerto Rico,NA,NA,NA,NA,NA,NA,NA,NA,NA,NUEVAYoL,Rimas Entertainment LLC.,5,26,57,681052
Chile,2026/02/05,febrero_2026,22,Bad Bunny,Bad Bunny,NA,NA,NA,NA,NA,NA,NA,NA,NA,Puerto Rico,NA,NA,NA,NA,NA,NA,NA,NA,NA,KLOuFRENS,Rimas Entertainment LLC.,9,22,57,672862
Chile,2026/02/05,febrero_2026,23,"Romeo Santos, Prince Royce",Romeo Santos,Prince Royce,NA,NA,NA,NA,NA,NA,NA,NA,Estados Unidos,Estados Unidos,NA,NA,NA,NA,NA,NA,NA,NA,Dardos,Sony Music Latin,14,14,7,671591
Chile,2026/02/05,febrero_2026,24,"Fuerza Regida, Grupo Frontera",Fuerza Regida,Grupo Frontera,NA,NA,NA,NA,NA,NA,NA,NA,Mexico,Mexico,NA,NA,NA,NA,NA,NA,NA,NA,COQUETA,Rancho Humilde/Streetmob Records/Grupo Frontera/Sony Music Latin,24,35,42,621425
Chile,2026/02/05,febrero_2026,25,"Beéle, Ovy On The Drums",Beéle,Ovy On The Drums,NA,NA,NA,NA,NA,NA,NA,NA,Colombia,Colombia,NA,NA,NA,NA,NA,NA,NA,NA,mi refe,5020 Records,10,21,59,621378
Chile,2026/02/05,febrero_2026,26,"Young Cister, Kreamly",Young Cister,Kreamly,NA,NA,NA,NA,NA,NA,NA,NA,Chile,Chile,NA,NA,NA,NA,NA,NA,NA,NA,QLOO*,Sony Music Entertainment Chile S.A,1,23,37,601076
Chile,2026/02/05,febrero_2026,27,"ROSALÍA, Yahritza Y Su Esencia",ROSALÍA,Yahritza Y Su Esencia,NA,NA,NA,NA,NA,NA,NA,NA,España,Estados Unidos,NA,NA,NA,NA,NA,NA,NA,NA,La Perla,Columbia,9,24,13,596932
Chile,2026/02/05,febrero_2026,28,"Rauw Alejandro, Bad Bunny",Rauw Alejandro,Bad Bunny,NA,NA,NA,NA,NA,NA,NA,NA,Puerto Rico,Puerto Rico,NA,NA,NA,NA,NA,NA,NA,NA,Qué Pasaría...,Sony Music Latin/Duars Entertainment,4,61,64,596506
Chile,2026/02/05,febrero_2026,29,"Kidd Voodoo, JC Reyes",Kidd Voodoo,JC Reyes,NA,NA,NA,NA,NA,NA,NA,NA,Chile,España,NA,NA,NA,NA,NA,NA,NA,NA,Me Mareo,Kidd Voodoo,3,29,33,586983
Chile,2026/02/05,febrero_2026,30,Cris MJ,Cris MJ,NA,NA,NA,NA,NA,NA,NA,NA,NA,Chile,NA,NA,NA,NA,NA,NA,NA,NA,NA,30 Mil Pies,Sonar LLC.,7,32,17,564046
Chile,2026/02/05,febrero_2026,31,"Easykid, Dysbit",Easykid,Dysbit,NA,NA,NA,NA,NA,NA,NA,NA,Chile,Chile,NA,NA,NA,NA,NA,NA,NA,NA,Shiny,Easykid,1,25,34,561673
Chile,2026/02/05,febrero_2026,32,Djo,Djo,NA,NA,NA,NA,NA,NA,NA,NA,NA,Estados Unidos,NA,NA,NA,NA,NA,NA,NA,NA,NA,End of Beginning,Djo,11,27,26,557862
Chile,2026/02/05,febrero_2026,33,"Ovy On The Drums, Quevedo, Beéle",Ovy On The Drums,Quevedo,Beéle,NA,NA,NA,NA,NA,NA,NA,Colombia,España,Colombia,NA,NA,NA,NA,NA,NA,NA,YO y TÚ,WEA Latina,9,44,34,546685
Chile,2026/02/05,febrero_2026,34,"Jere Klein, Bayriton, Adan La Amenaza",Jere Klein,Bayriton,Adan La Amenaza,NA,NA,NA,NA,NA,NA,NA,Chile,Chile,Chile,NA,NA,NA,NA,NA,NA,NA,TU Y YO,2025 JERE KLEIN,1,31,15,545529
Chile,2026/02/05,febrero_2026,35,"Katteyes, Jere Klein, Lucky Brown",Katteyes,Jere Klein,Lucky Brown,NA,NA,NA,NA,NA,NA,NA,Chile,Chile,Chile,NA,NA,NA,NA,NA,NA,NA,BAILAME ASI,KATTEYES LLC/Sony Music Latin,1,38,33,544509
Chile,2026/02/05,febrero_2026,36,"Héctor ""El Father"", Wisin & Yandel","Héctor ""El Father""",Wisin & Yandel,NA,NA,NA,NA,NA,NA,NA,NA,Puerto Rico,Puerto Rico,NA,NA,NA,NA,NA,NA,NA,NA,El Teléfono,Machete Music,20,30,35,536956
Chile,2026/02/05,febrero_2026,37,Piero 47,Piero 47,NA,NA,NA,NA,NA,NA,NA,NA,NA,Chile,NA,NA,NA,NA,NA,NA,NA,NA,NA,M5,Piero 47 oficial,37,-1,1,518138
Chile,2026/02/05,febrero_2026,38,"Tobal Mj, Lucky Brown, Nacho G Flow",Tobal Mj,Lucky Brown,Nacho G Flow,NA,NA,NA,NA,NA,NA,NA,Chile,Chile,Chile,NA,NA,NA,NA,NA,NA,NA,Tiene,Tobal Mj,3,33,49,514061
Chile,2026/02/05,febrero_2026,39,Milo j,Milo j,NA,NA,NA,NA,NA,NA,NA,NA,NA,Argentina,NA,NA,NA,NA,NA,NA,NA,NA,NA,Niño,Sony Music Latin,25,37,19,511084
Chile,2026/02/05,febrero_2026,40,"W Sound, Cris MJ, Ovy On The Drums",W Sound,Cris MJ,Ovy On The Drums,NA,NA,NA,NA,NA,NA,NA,Colombia,Chile,Colombia,NA,NA,NA,NA,NA,NA,NA,Chica Galáctica - W Sound 07,WEA Latina,10,28,10,510694
Chile,2026/02/05,febrero_2026,41,benjitalkapone,benjitalkapone,NA,NA,NA,NA,NA,NA,NA,NA,NA,Chile,NA,NA,NA,NA,NA,NA,NA,NA,NA,Mambinho Brasileño,Nextlevel music,1,36,37,498090
Chile,2026/02/05,febrero_2026,42,"Lucky Brown, Big Cvyu",Lucky Brown,Big Cvyu,NA,NA,NA,NA,NA,NA,NA,NA,Chile,Chile,NA,NA,NA,NA,NA,NA,NA,NA,Qué Será,Lucky Brown,4,34,22,492750
Chile,2026/02/05,febrero_2026,43,"Tobal Mj, Lyon la f, Nacho G Flow, Daimi",Tobal Mj,Lyon la f,Nacho G Flow,Daimi,NA,NA,NA,NA,NA,NA,Chile,Chile,Chile,Chile,NA,NA,NA,NA,NA,NA,Te Vas,Tobal Mj,4,41,14,490255
Chile,2026/02/05,febrero_2026,44,"Lauta, Amigo de Artistas, Tote",Lauta,Amigo de Artistas,Tote,NA,NA,NA,NA,NA,NA,NA,Argentina,Argentina,Argentina,NA,NA,NA,NA,NA,NA,NA,Puñaladas,LEB Records,44,54,4,485656
Chile,2026/02/05,febrero_2026,45,"Bad Bunny, Ozuna, Farruko, Arcángel, Ñengo Flow, DJ Luian, Mambo Kingz",Bad Bunny,Ozuna,Farruko,Arcángel,Ñengo Flow,DJ Luian,Mambo Kingz,NA,NA,NA,Puerto Rico,Puerto Rico,Puerto Rico,Puerto Rico,Puerto Rico,Puerto Rico,Puerto Rico,NA,NA,NA,Diles,Rimas Entertainment LLC,28,39,197,482080
Chile,2026/02/05,febrero_2026,46,"KAROL G, Feid",KAROL G,Feid,NA,NA,NA,NA,NA,NA,NA,NA,Colombia,Colombia,NA,NA,NA,NA,NA,NA,NA,NA,Verano Rosa,Bichota/Interscope Records,14,43,33,469511
Chile,2026/02/05,febrero_2026,47,Kidd Voodoo,Kidd Voodoo,NA,NA,NA,NA,NA,NA,NA,NA,NA,Chile,NA,NA,NA,NA,NA,NA,NA,NA,NA,Destello...,Kidd Voodoo,1,48,26,459052
Chile,2026/02/05,febrero_2026,48,"J Balvin, Bad Bunny",J Balvin,Bad Bunny,NA,NA,NA,NA,NA,NA,NA,NA,Colombia,Puerto Rico,NA,NA,NA,NA,NA,NA,NA,NA,LA CANCIÓN,Universal Music Latino / Rimas,5,51,265,456764
Chile,2026/02/05,febrero_2026,49,KAROL G,KAROL G,NA,NA,NA,NA,NA,NA,NA,NA,NA,Colombia,NA,NA,NA,NA,NA,NA,NA,NA,NA,Si Antes Te Hubiera Conocido,Bichota/Interscope Records,1,49,85,455003
Chile,2026/02/05,febrero_2026,50,"Ovy On The Drums, Lucky Brown, Darell",Ovy On The Drums,Lucky Brown,Darell,NA,NA,NA,NA,NA,NA,NA,Colombia,Chile,Puerto Rico,NA,NA,NA,NA,NA,NA,NA,NUBES,WEA Latina,10,45,47,453360
Chile,2026/03/05,marzo_2026,1,"Jere Klein, Jairo Vera, Gittobeatz",Jere Klein,Jairo Vera,Gittobeatz,NA,NA,NA,NA,NA,NA,NA,Chile,Chile,Chile,NA,NA,NA,NA,NA,NA,NA,DUBAI,2026 JERE KLEIN,1,1,3,1622448
Chile,2026/03/05,marzo_2026,2,"Katteyes, SINAKA",Katteyes,SINAKA,NA,NA,NA,NA,NA,NA,NA,NA,Chile,Chile,NA,NA,NA,NA,NA,NA,NA,NA,ALO,Rimas Entertainment LLC.,1,2,5,1560825
Chile,2026/03/05,marzo_2026,3,Jimin,Jimin,NA,NA,NA,NA,NA,NA,NA,NA,NA,Corea del Sur,NA,NA,NA,NA,NA,NA,NA,NA,NA,Who,BIGHIT MUSIC,1,4,85,1265890
Chile,2026/03/05,marzo_2026,4,SINAKA,SINAKA,NA,NA,NA,NA,NA,NA,NA,NA,NA,Chile,NA,NA,NA,NA,NA,NA,NA,NA,NA,SENDA BELLAKONA,2025 Sinaka under exclusive license to BZR Music LLC,1,3,15,1196798
Chile,2026/03/05,marzo_2026,5,Milo j,Milo j,NA,NA,NA,NA,NA,NA,NA,NA,NA,Argentina,NA,NA,NA,NA,NA,NA,NA,NA,NA,Niño,Sony Music Latin,5,33,23,972492
Chile,2026/03/05,marzo_2026,6,Bad Bunny,Bad Bunny,NA,NA,NA,NA,NA,NA,NA,NA,NA,Puerto Rico,NA,NA,NA,NA,NA,NA,NA,NA,NA,BAILE INoLVIDABLE,Rimas Entertainment LLC.,1,5,61,905354
Chile,2026/03/05,marzo_2026,7,Bad Bunny,Bad Bunny,NA,NA,NA,NA,NA,NA,NA,NA,NA,Puerto Rico,NA,NA,NA,NA,NA,NA,NA,NA,NA,EoO,Rimas Entertainment LLC.,6,6,61,844922
Chile,2026/03/05,marzo_2026,8,"Kreamly, Baby Jey, Tobal Mj",Kreamly,Baby Jey,Tobal Mj,NA,NA,NA,NA,NA,NA,NA,Chile,Chile,Chile,NA,NA,NA,NA,NA,NA,NA,LO QUE TU PIDAS,Virgin Music Chile,8,-1,1,832074
Chile,2026/03/05,marzo_2026,9,"El Bogueto, Anuel AA, Fuerza Regida, Yung Beef",El Bogueto,Anuel AA,Fuerza Regida,Yung Beef,NA,NA,NA,NA,NA,NA,Mexico,Puerto Rico,Mexico,España,NA,NA,NA,NA,NA,NA,Cuando No Era Cantante - Remix,El Bogueto,3,9,12,819299
Chile,2026/03/05,marzo_2026,10,"El Bogueto, Yung Beef",El Bogueto,Yung Beef,NA,NA,NA,NA,NA,NA,NA,NA,Mexico,España,NA,NA,NA,NA,NA,NA,NA,NA,Cuando No Era Cantante,Candela Music,3,11,20,812563
Chile,2026/03/05,marzo_2026,11,"Omar Courtz, Ñengo Flow",Omar Courtz,Ñengo Flow,NA,NA,NA,NA,NA,NA,NA,NA,Puerto Rico,Puerto Rico,NA,NA,NA,NA,NA,NA,NA,NA,FOREVER TU GANTEL,Rimas Entertainment LLC.,11,30,2,771102
Chile,2026/03/05,marzo_2026,12,Bad Bunny,Bad Bunny,NA,NA,NA,NA,NA,NA,NA,NA,NA,Puerto Rico,NA,NA,NA,NA,NA,NA,NA,NA,NA,VOY A LLeVARTE PA PR,Rimas Entertainment LLC.,1,12,61,759752
Chile,2026/03/05,marzo_2026,13,Bad Bunny,Bad Bunny,NA,NA,NA,NA,NA,NA,NA,NA,NA,Puerto Rico,NA,NA,NA,NA,NA,NA,NA,NA,NA,DtMF,Rimas Entertainment LLC.,1,7,61,758820
Chile,2026/03/05,marzo_2026,14,"King Savagge, Lyon la f, Katteyes, Lewis Somes",King Savagge,Lyon la f,Katteyes,Lewis Somes,NA,NA,NA,NA,NA,NA,Chile,Chile,Chile,Chile,NA,NA,NA,NA,NA,NA,Pasajero,King savagge,1,8,16,728419
Chile,2026/03/05,marzo_2026,15,"Bad Bunny, Omar Courtz, Dei V",Bad Bunny,Omar Courtz,Dei V,NA,NA,NA,NA,NA,NA,NA,Puerto Rico,Puerto Rico,Puerto Rico,NA,NA,NA,NA,NA,NA,NA,VeLDÁ,Rimas Entertainment LLC.,3,13,61,728312
Chile,2026/03/05,marzo_2026,16,Bad Bunny,Bad Bunny,NA,NA,NA,NA,NA,NA,NA,NA,NA,Puerto Rico,NA,NA,NA,NA,NA,NA,NA,NA,NA,NUEVAYoL,Rimas Entertainment LLC.,5,10,61,720913
Chile,2026/03/05,marzo_2026,17,Beéle,Beéle,NA,NA,NA,NA,NA,NA,NA,NA,NA,Colombia,NA,NA,NA,NA,NA,NA,NA,NA,NA,no tiene sentido,5020 Records,6,17,42,720079
Chile,2026/03/05,marzo_2026,18,"Germanini, Lyon la f, JhonAlex, Nacho G Flow",Germanini,Lyon la f,JhonAlex,Nacho G Flow,NA,NA,NA,NA,NA,NA,Chile,Chile,Chile,Chile,NA,NA,NA,NA,NA,NA,Comando Estelar,Stars Music Chile 2024,1,16,29,687671
Chile,2026/03/05,marzo_2026,19,Rels B,Rels B,NA,NA,NA,NA,NA,NA,NA,NA,NA,España,NA,NA,NA,NA,NA,NA,NA,NA,NA,TU VAS SIN (fav),DALE PLAY Records / Flakk Team,17,18,32,667948
Chile,2026/03/05,marzo_2026,20,"Ryan Castro, Kapo, Gangsta",Ryan Castro,Kapo,Gangsta,NA,NA,NA,NA,NA,NA,NA,Colombia,Colombia,Colombia,NA,NA,NA,NA,NA,NA,NA,LA VILLA,AWOO Corp./Sony Music Latin,15,15,9,664582
Chile,2026/03/05,marzo_2026,21,"Jere Klein, Katteyes, Mateo on the Beatz",Jere Klein,Katteyes,Mateo on the Beatz,NA,NA,NA,NA,NA,NA,NA,Chile,Chile,Chile,NA,NA,NA,NA,NA,NA,NA,TODO KE VER,2026 JERE KLEIN,1,20,30,662277
Chile,2026/03/05,marzo_2026,22,"Milo j, Trueno",Milo j,Trueno,NA,NA,NA,NA,NA,NA,NA,NA,Argentina,Argentina,NA,NA,NA,NA,NA,NA,NA,NA,Gil,Sony Music Latin,22,91,23,657013
Chile,2026/03/05,marzo_2026,23,"Romeo Santos, Prince Royce",Romeo Santos,Prince Royce,NA,NA,NA,NA,NA,NA,NA,NA,Estados Unidos,Estados Unidos,NA,NA,NA,NA,NA,NA,NA,NA,Dardos,Sony Music Latin,14,19,11,634127
Chile,2026/03/05,marzo_2026,24,"Lucky Brown, Lyon la f, Tobal Mj, Tony El Golden Boy, Lamelodiadelhampa, JhonAlex, Germanini, Renaglock, Mateo on the Beatz, IGNACIO ON THE BEAT",Lucky Brown,Lyon la f,Tobal Mj,Tony El Golden Boy,Lamelodiadelhampa,JhonAlex,Germanini,Renaglock,Mateo on the Beatz,IGNACIO ON THE BEAT,Chile,Chile,Chile,Puerto Rico,Chile,Chile,Chile,Chile,Chile,Chile,Marbella,Lucky Brown,13,14,4,630665
Chile,2026/03/05,marzo_2026,25,"Pablo Chill-E, Ñengo Flow, Jere Klein",Pablo Chill-E,Ñengo Flow,Jere Klein,NA,NA,NA,NA,NA,NA,NA,Chile,Puerto Rico,Chile,NA,NA,NA,NA,NA,NA,NA,Bastardo (feat. Ñengo Flow & Jere Klein),G STARR ENT,3,49,96,621213
Chile,2026/03/05,marzo_2026,26,"Young Cister, Kreamly",Young Cister,Kreamly,NA,NA,NA,NA,NA,NA,NA,NA,Chile,Chile,NA,NA,NA,NA,NA,NA,NA,NA,QLOO*,Sony Music Entertainment Chile S.A,1,31,41,615474
Chile,2026/03/05,marzo_2026,27,"W Sound, Beéle, Ovy On The Drums",W Sound,Beéle,Ovy On The Drums,NA,NA,NA,NA,NA,NA,NA,Colombia,Colombia,Colombia,NA,NA,NA,NA,NA,NA,NA,La Plena - W Sound 05,WEA Latina,2,24,54,596087
Chile,2026/03/05,marzo_2026,28,"Kidd Voodoo, JC Reyes",Kidd Voodoo,JC Reyes,NA,NA,NA,NA,NA,NA,NA,NA,Chile,España,NA,NA,NA,NA,NA,NA,NA,NA,Me Mareo,Kidd Voodoo,3,28,37,583451
Chile,2026/03/05,marzo_2026,29,"Héctor ""El Father"", Wisin & Yandel","Héctor ""El Father""",Wisin & Yandel,NA,NA,NA,NA,NA,NA,NA,NA,Puerto Rico,Puerto Rico,NA,NA,NA,NA,NA,NA,NA,NA,El Teléfono,Machete Music,20,38,39,582102
Chile,2026/03/05,marzo_2026,30,"Lauta, Amigo de Artistas, Tote",Lauta,Amigo de Artistas,Tote,NA,NA,NA,NA,NA,NA,NA,Argentina,Argentina,Argentina,NA,NA,NA,NA,NA,NA,NA,Puñaladas,LEB Records,23,23,8,581764
Chile,2026/03/05,marzo_2026,31,Pablo Chill-E,Pablo Chill-E,NA,NA,NA,NA,NA,NA,NA,NA,NA,Chile,NA,NA,NA,NA,NA,NA,NA,NA,NA,Resentia,G STARR ENT,20,64,91,577064
Chile,2026/03/05,marzo_2026,32,"Rauw Alejandro, Bad Bunny",Rauw Alejandro,Bad Bunny,NA,NA,NA,NA,NA,NA,NA,NA,Puerto Rico,Puerto Rico,NA,NA,NA,NA,NA,NA,NA,NA,Qué Pasaría...,Sony Music Latin/Duars Entertainment,4,22,68,547173
Chile,2026/03/05,marzo_2026,33,Bad Bunny,Bad Bunny,NA,NA,NA,NA,NA,NA,NA,NA,NA,Puerto Rico,NA,NA,NA,NA,NA,NA,NA,NA,NA,KLOuFRENS,Rimas Entertainment LLC.,9,21,61,547095
Chile,2026/03/05,marzo_2026,34,"SINAKA, Easykid",SINAKA,Easykid,NA,NA,NA,NA,NA,NA,NA,NA,Chile,Chile,NA,NA,NA,NA,NA,NA,NA,NA,DESCONTROL,2025 Sinaka under exclusive license to BZR Music LLC,15,27,15,524430
Chile,2026/03/05,marzo_2026,35,Omar Courtz,Omar Courtz,NA,NA,NA,NA,NA,NA,NA,NA,NA,Puerto Rico,NA,NA,NA,NA,NA,NA,NA,NA,NA,POR SI MAÑANA NO ESTOY,Rimas Entertainment LLC.,35,71,2,520359
Chile,2026/03/05,marzo_2026,36,Milo j,Milo j,NA,NA,NA,NA,NA,NA,NA,NA,NA,Argentina,NA,NA,NA,NA,NA,NA,NA,NA,NA,M.A.I,DALE PLAY Records,24,128,63,518178
Chile,2026/03/05,marzo_2026,37,Mon Laferte,Mon Laferte,NA,NA,NA,NA,NA,NA,NA,NA,NA,Chile,NA,NA,NA,NA,NA,NA,NA,NA,NA,Tu Falta De Querer,Universal Music Mexico,5,167,86,516520
Chile,2026/03/05,marzo_2026,38,"Blessd, Anuel AA, Yan Block, Luar La L, Kris R., ROA",Blessd,Anuel AA,Yan Block,Luar La L,Kris R.,ROA,NA,NA,NA,NA,Colombia,Puerto Rico,Puerto Rico,Puerto Rico,Colombia,Puerto Rico,NA,NA,NA,NA,"YOGURCITO REMIX (feat. Kris R., ROA)",WEA Latina,8,25,27,514238
Chile,2026/03/05,marzo_2026,39,"Milo j, Taiu",Milo j,Taiu,NA,NA,NA,NA,NA,NA,NA,NA,Argentina,Argentina,NA,NA,NA,NA,NA,NA,NA,NA,Rara Vez,Universal Music Argentina S.A.,18,108,130,507622
Chile,2026/03/05,marzo_2026,40,Jesse & Joy,Jesse & Joy,NA,NA,NA,NA,NA,NA,NA,NA,NA,Mexico,NA,NA,NA,NA,NA,NA,NA,NA,NA,Dueles,WM Mexico,35,82,81,506003
Chile,2026/03/05,marzo_2026,41,"Tobal Mj, Lucky Brown, Nacho G Flow",Tobal Mj,Lucky Brown,Nacho G Flow,NA,NA,NA,NA,NA,NA,NA,Chile,Chile,Chile,NA,NA,NA,NA,NA,NA,NA,Tiene,Tobal Mj,3,39,53,503705
Chile,2026/03/05,marzo_2026,42,"Jairo Vera, Juhn",Jairo Vera,Juhn,NA,NA,NA,NA,NA,NA,NA,NA,Chile,Puerto Rico,NA,NA,NA,NA,NA,NA,NA,NA,Troka,WM Chile,35,35,5,501305
Chile,2026/03/05,marzo_2026,43,"Fuerza Regida, Grupo Frontera",Fuerza Regida,Grupo Frontera,NA,NA,NA,NA,NA,NA,NA,NA,Mexico,Mexico,NA,NA,NA,NA,NA,NA,NA,NA,COQUETA,Rancho Humilde/Streetmob Records/Grupo Frontera/Sony Music Latin,24,32,46,501234
Chile,2026/03/05,marzo_2026,44,"Mon Laferte, Bunbury",Mon Laferte,Bunbury,NA,NA,NA,NA,NA,NA,NA,NA,Chile,España,NA,NA,NA,NA,NA,NA,NA,NA,Mi Buen Amor,Universal Music Mexico,44,-1,15,499606
Chile,2026/03/05,marzo_2026,45,"Jere Klein, Bayriton, Adan La Amenaza",Jere Klein,Bayriton,Adan La Amenaza,NA,NA,NA,NA,NA,NA,NA,Chile,Chile,Chile,NA,NA,NA,NA,NA,NA,NA,TU Y YO,2026 JERE KLEIN,1,34,19,490672
Chile,2026/03/05,marzo_2026,46,"Beéle, Ovy On The Drums",Beéle,Ovy On The Drums,NA,NA,NA,NA,NA,NA,NA,NA,Colombia,Colombia,NA,NA,NA,NA,NA,NA,NA,NA,mi refe,5020 Records,10,36,63,490157
Chile,2026/03/05,marzo_2026,47,Kidd Voodoo,Kidd Voodoo,NA,NA,NA,NA,NA,NA,NA,NA,NA,Chile,NA,NA,NA,NA,NA,NA,NA,NA,NA,Destello...,Kidd Voodoo,1,43,30,488784
Chile,2026/03/05,marzo_2026,48,"Ovy On The Drums, Quevedo, Beéle",Ovy On The Drums,Quevedo,Beéle,NA,NA,NA,NA,NA,NA,NA,Colombia,España,Colombia,NA,NA,NA,NA,NA,NA,NA,YO y TÚ,WEA Latina,9,37,38,477957
Chile,2026/03/05,marzo_2026,49,"Tobal Mj, Cris MJ, FloyyMenor",Tobal Mj,Cris MJ,FloyyMenor,NA,NA,NA,NA,NA,NA,NA,Chile,Chile,Chile,NA,NA,NA,NA,NA,NA,NA,LUNA LLENA,Tobal Mj,29,29,2,472477
Chile,2026/03/05,marzo_2026,50,Omar Courtz,Omar Courtz,NA,NA,NA,NA,NA,NA,NA,NA,NA,Puerto Rico,NA,NA,NA,NA,NA,NA,NA,NA,NA,KOKO,Rimas Entertainment LLC.,50,119,2,469307
Chile,2026/04/09,abril_2026,1,Jimin,Jimin,NA,NA,NA,NA,NA,NA,NA,NA,NA,Corea del Sur,NA,NA,NA,NA,NA,NA,NA,NA,NA,Who,BIGHIT MUSIC,1,1,90,1360726
Chile,2026/04/09,abril_2026,2,"Jere Klein, Jairo Vera, Gittobeatz",Jere Klein,Jairo Vera,Gittobeatz,NA,NA,NA,NA,NA,NA,NA,Chile,Chile,Chile,NA,NA,NA,NA,NA,NA,NA,DUBAI,2026 JERE KLEIN,1,3,8,961035
Chile,2026/04/09,abril_2026,3,Omar Courtz,Omar Courtz,NA,NA,NA,NA,NA,NA,NA,NA,NA,Puerto Rico,NA,NA,NA,NA,NA,NA,NA,NA,NA,KOKO,Rimas Entertainment LLC.,3,8,7,947485
Chile,2026/04/09,abril_2026,4,BTS,BTS,NA,NA,NA,NA,NA,NA,NA,NA,NA,Corea del Sur,NA,NA,NA,NA,NA,NA,NA,NA,NA,SWIM,BIGHIT MUSIC,2,2,3,905139
Chile,2026/04/09,abril_2026,5,"Katteyes, SINAKA",Katteyes,SINAKA,NA,NA,NA,NA,NA,NA,NA,NA,Chile,Chile,NA,NA,NA,NA,NA,NA,NA,NA,ALO,Rimas Entertainment LLC.,1,4,10,877594
Chile,2026/04/09,abril_2026,6,SINAKA,SINAKA,NA,NA,NA,NA,NA,NA,NA,NA,NA,Chile,NA,NA,NA,NA,NA,NA,NA,NA,NA,SENDA BELLAKONA,2025 Sinaka under exclusive license to BZR Music LLC,1,6,20,756347
Chile,2026/04/09,abril_2026,7,"El Bogueto, Anuel AA, Fuerza Regida, Yung Beef",El Bogueto,Anuel AA,Fuerza Regida,Yung Beef,NA,NA,NA,NA,NA,NA,Mexico,Puerto Rico,Mexico,España,NA,NA,NA,NA,NA,NA,Cuando No Era Cantante - Remix,El Bogueto,3,5,16,750831
Chile,2026/04/09,abril_2026,8,"Jairo Vera, Juhn",Jairo Vera,Juhn,NA,NA,NA,NA,NA,NA,NA,NA,Chile,Puerto Rico,NA,NA,NA,NA,NA,NA,NA,NA,Troka,WM Chile,7,7,10,700790
Chile,2026/04/09,abril_2026,9,"Jere Klein, Valdi",Jere Klein,Valdi,NA,NA,NA,NA,NA,NA,NA,NA,Chile,Chile,NA,NA,NA,NA,NA,NA,NA,NA,ARABE,2026 JERE KLEIN,5,9,5,686848
Chile,2026/04/09,abril_2026,10,"Omar Courtz, Ñengo Flow",Omar Courtz,Ñengo Flow,NA,NA,NA,NA,NA,NA,NA,NA,Puerto Rico,Puerto Rico,NA,NA,NA,NA,NA,NA,NA,NA,FOREVER TU GANTEL,Rimas Entertainment LLC.,9,10,7,674939
Chile,2026/04/09,abril_2026,11,"Maria Becerra, Jere Klein, Lucky Brown, XROSS",Maria Becerra,Jere Klein,Lucky Brown,XROSS,NA,NA,NA,NA,NA,NA,Argentina,Chile,Chile,Argentina,NA,NA,NA,NA,NA,NA,QUÉ GANAS DE COMERTE,WEA Latina,11,12,2,669467
Chile,2026/04/09,abril_2026,12,Cris MJ,Cris MJ,NA,NA,NA,NA,NA,NA,NA,NA,NA,Chile,NA,NA,NA,NA,NA,NA,NA,NA,NA,Presidente,SONAR LLC.,12,-1,1,615007
Chile,2026/04/09,abril_2026,13,Bad Bunny,Bad Bunny,NA,NA,NA,NA,NA,NA,NA,NA,NA,Puerto Rico,NA,NA,NA,NA,NA,NA,NA,NA,NA,BAILE INoLVIDABLE,Rimas Entertainment LLC.,1,13,66,604701
Chile,2026/04/09,abril_2026,14,"Pablo Chill-E, Ñengo Flow, Jere Klein",Pablo Chill-E,Ñengo Flow,Jere Klein,NA,NA,NA,NA,NA,NA,NA,Chile,Puerto Rico,Chile,NA,NA,NA,NA,NA,NA,NA,Bastardo (feat. Ñengo Flow & Jere Klein),G STARR ENT,3,14,101,602845
Chile,2026/04/09,abril_2026,15,Omar Courtz,Omar Courtz,NA,NA,NA,NA,NA,NA,NA,NA,NA,Puerto Rico,NA,NA,NA,NA,NA,NA,NA,NA,NA,POR SI MAÑANA NO ESTOY,Rimas Entertainment LLC.,15,25,7,579233
Chile,2026/04/09,abril_2026,16,"Romeo Santos, Prince Royce",Romeo Santos,Prince Royce,NA,NA,NA,NA,NA,NA,NA,NA,Estados Unidos,Estados Unidos,NA,NA,NA,NA,NA,NA,NA,NA,Dardos,Sony Music Latin,14,23,16,575098
Chile,2026/04/09,abril_2026,17,"Germanini, Lyon la f, JhonAlex, Nacho G Flow",Germanini,Lyon la f,JhonAlex,Nacho G Flow,NA,NA,NA,NA,NA,NA,Chile,Chile,Chile,Chile,NA,NA,NA,NA,NA,NA,Comando Estelar,Stars Music Chile 2024,1,19,34,573492
Chile,2026/04/09,abril_2026,18,"Lauta, Amigo de Artistas, Tote",Lauta,Amigo de Artistas,Tote,NA,NA,NA,NA,NA,NA,NA,Argentina,Argentina,Argentina,NA,NA,NA,NA,NA,NA,NA,Puñaladas,LEB Records,18,21,13,570331
Chile,2026/04/09,abril_2026,19,"Jere Klein, Tobal Mj, Lyon la f, Nacho G Flow",Jere Klein,Tobal Mj,Lyon la f,Nacho G Flow,NA,NA,NA,NA,NA,NA,Chile,Chile,Chile,Chile,NA,NA,NA,NA,NA,NA,HOTEL,2026 JERE KLEIN,11,16,5,566289
Chile,2026/04/09,abril_2026,20,"King Savagge, Lyon la f, Katteyes, Lewis Somes",King Savagge,Lyon la f,Katteyes,Lewis Somes,NA,NA,NA,NA,NA,NA,Chile,Chile,Chile,Chile,NA,NA,NA,NA,NA,NA,Pasajero,King savagge,1,18,21,562176
Chile,2026/04/09,abril_2026,21,BTS,BTS,NA,NA,NA,NA,NA,NA,NA,NA,NA,Corea del Sur,NA,NA,NA,NA,NA,NA,NA,NA,NA,Body to Body,BIGHIT MUSIC,6,11,3,556586
Chile,2026/04/09,abril_2026,22,Bad Bunny,Bad Bunny,NA,NA,NA,NA,NA,NA,NA,NA,NA,Puerto Rico,NA,NA,NA,NA,NA,NA,NA,NA,NA,EoO,Rimas Entertainment LLC.,6,17,66,554469
Chile,2026/04/09,abril_2026,23,Milo j,Milo j,NA,NA,NA,NA,NA,NA,NA,NA,NA,Argentina,NA,NA,NA,NA,NA,NA,NA,NA,NA,Niño,Sony Music Latin,5,15,28,551941
Chile,2026/04/09,abril_2026,24,"Young Cister, Kreamly",Young Cister,Kreamly,NA,NA,NA,NA,NA,NA,NA,NA,Chile,Chile,NA,NA,NA,NA,NA,NA,NA,NA,QLOO*,Sony Music Entertainment Chile S.A,1,24,46,548616
Chile,2026/04/09,abril_2026,25,"El Bogueto, Yung Beef",El Bogueto,Yung Beef,NA,NA,NA,NA,NA,NA,NA,NA,Mexico,España,NA,NA,NA,NA,NA,NA,NA,NA,Cuando No Era Cantante,Candela Music,3,22,25,537715
Chile,2026/04/09,abril_2026,26,Beéle,Beéle,NA,NA,NA,NA,NA,NA,NA,NA,NA,Colombia,NA,NA,NA,NA,NA,NA,NA,NA,NA,no tiene sentido,5020 Records,6,28,47,536938
Chile,2026/04/09,abril_2026,27,"Bad Bunny, Omar Courtz, Dei V",Bad Bunny,Omar Courtz,Dei V,NA,NA,NA,NA,NA,NA,NA,Puerto Rico,Puerto Rico,Puerto Rico,NA,NA,NA,NA,NA,NA,NA,VeLDÁ,Rimas Entertainment LLC.,3,26,66,533224
Chile,2026/04/09,abril_2026,28,Bad Bunny,Bad Bunny,NA,NA,NA,NA,NA,NA,NA,NA,NA,Puerto Rico,NA,NA,NA,NA,NA,NA,NA,NA,NA,VOY A LLeVARTE PA PR,Rimas Entertainment LLC.,1,31,66,504984
Chile,2026/04/09,abril_2026,29,Bad Bunny,Bad Bunny,NA,NA,NA,NA,NA,NA,NA,NA,NA,Puerto Rico,NA,NA,NA,NA,NA,NA,NA,NA,NA,DtMF,Rimas Entertainment LLC.,1,34,66,504708
Chile,2026/04/09,abril_2026,30,"Jere Klein, Katteyes, Mateo on the Beatz",Jere Klein,Katteyes,Mateo on the Beatz,NA,NA,NA,NA,NA,NA,NA,Chile,Chile,Chile,NA,NA,NA,NA,NA,NA,NA,TODO KE VER,2026 JERE KLEIN,1,29,35,503936
Chile,2026/04/09,abril_2026,31,BTS,BTS,NA,NA,NA,NA,NA,NA,NA,NA,NA,Corea del Sur,NA,NA,NA,NA,NA,NA,NA,NA,NA,Hooligan,BIGHIT MUSIC,8,20,3,502800
Chile,2026/04/09,abril_2026,32,Rels B,Rels B,NA,NA,NA,NA,NA,NA,NA,NA,NA,España,NA,NA,NA,NA,NA,NA,NA,NA,NA,TU VAS SIN (fav),DALE PLAY Records / Flakk Team,17,30,37,490321
Chile,2026/04/09,abril_2026,33,Pablo Chill-E,Pablo Chill-E,NA,NA,NA,NA,NA,NA,NA,NA,NA,Chile,NA,NA,NA,NA,NA,NA,NA,NA,NA,Resentia,G STARR ENT,20,35,96,485523
Chile,2026/04/09,abril_2026,34,BTS,BTS,NA,NA,NA,NA,NA,NA,NA,NA,NA,Corea del Sur,NA,NA,NA,NA,NA,NA,NA,NA,NA,2.0,BIGHIT MUSIC,20,37,3,483407
Chile,2026/04/09,abril_2026,35,"Fuerza Regida, Grupo Frontera",Fuerza Regida,Grupo Frontera,NA,NA,NA,NA,NA,NA,NA,NA,Mexico,Mexico,NA,NA,NA,NA,NA,NA,NA,NA,COQUETA,Rancho Humilde/Streetmob Records/Grupo Frontera/Sony Music Latin,24,38,51,481966
Chile,2026/04/09,abril_2026,36,"W Sound, Beéle, Ovy On The Drums",W Sound,Beéle,Ovy On The Drums,NA,NA,NA,NA,NA,NA,NA,Colombia,Colombia,Colombia,NA,NA,NA,NA,NA,NA,NA,La Plena - W Sound 05,WEA Latina,2,36,59,479495
Chile,2026/04/09,abril_2026,37,"Kreamly, Baby Jey, Tobal Mj",Kreamly,Baby Jey,Tobal Mj,NA,NA,NA,NA,NA,NA,NA,Chile,Chile,Chile,NA,NA,NA,NA,NA,NA,NA,LO QUE TU PIDAS,Virgin Music Chile,5,27,6,478457
Chile,2026/04/09,abril_2026,38,Bad Bunny,Bad Bunny,NA,NA,NA,NA,NA,NA,NA,NA,NA,Puerto Rico,NA,NA,NA,NA,NA,NA,NA,NA,NA,NUEVAYoL,Rimas Entertainment LLC.,5,41,66,474108
Chile,2026/04/09,abril_2026,39,"Ryan Castro, Kapo, Gangsta",Ryan Castro,Kapo,Gangsta,NA,NA,NA,NA,NA,NA,NA,Colombia,Colombia,Colombia,NA,NA,NA,NA,NA,NA,NA,LA VILLA,AWOO Corp./Sony Music Latin,13,33,14,473612
Chile,2026/04/09,abril_2026,40,"Norambuena, RealViviendo",Norambuena,RealViviendo,NA,NA,NA,NA,NA,NA,NA,NA,Chile,Chile,NA,NA,NA,NA,NA,NA,NA,NA,No Va a Chocar,Norambuena,40,57,8,467181
Chile,2026/04/09,abril_2026,41,"Héctor ""El Father"", Wisin & Yandel","Héctor ""El Father""",Wisin & Yandel,NA,NA,NA,NA,NA,NA,NA,NA,Puerto Rico,Puerto Rico,NA,NA,NA,NA,NA,NA,NA,NA,El Teléfono,Machete Music,20,42,44,453259
Chile,2026/04/09,abril_2026,42,"Lucky Brown, Lyon la f, Tobal Mj, Tony El Golden Boy, Lamelodiadelhampa, JhonAlex, Germanini, Renaglock, Mateo on the Beatz, IGNACIO ON THE BEAT",Lucky Brown,Lyon la f,Tobal Mj,Tony El Golden Boy,Lamelodiadelhampa,JhonAlex,Germanini,Renaglock,Mateo on the Beatz,IGNACIO ON THE BEAT,Chile,Chile,Chile,Puerto Rico,Chile,Chile,Chile,Chile,Chile,Chile,Marbella,Lucky Brown,13,45,9,448434
Chile,2026/04/09,abril_2026,43,Cris MJ,Cris MJ,NA,NA,NA,NA,NA,NA,NA,NA,NA,Chile,NA,NA,NA,NA,NA,NA,NA,NA,NA,30 Mil Pies,Sonar LLC.,7,50,26,438539
Chile,2026/04/09,abril_2026,44,Jimin,Jimin,NA,NA,NA,NA,NA,NA,NA,NA,NA,Corea del Sur,NA,NA,NA,NA,NA,NA,NA,NA,NA,Like Crazy,BIGHIT MUSIC,26,67,76,436761
Chile,2026/04/09,abril_2026,45,"Rauw Alejandro, Bad Bunny",Rauw Alejandro,Bad Bunny,NA,NA,NA,NA,NA,NA,NA,NA,Puerto Rico,Puerto Rico,NA,NA,NA,NA,NA,NA,NA,NA,Qué Pasaría...,Sony Music Latin/Duars Entertainment,4,49,73,434263
Chile,2026/04/09,abril_2026,46,"Jere Klein, Mateo on the Beatz",Jere Klein,Mateo on the Beatz,NA,NA,NA,NA,NA,NA,NA,NA,Chile,Chile,NA,NA,NA,NA,NA,NA,NA,NA,CHALET,2026 JERE KLEIN,29,47,5,426905
Chile,2026/04/09,abril_2026,47,Bad Bunny,Bad Bunny,NA,NA,NA,NA,NA,NA,NA,NA,NA,Puerto Rico,NA,NA,NA,NA,NA,NA,NA,NA,NA,KLOuFRENS,Rimas Entertainment LLC.,9,51,66,426328
Chile,2026/04/09,abril_2026,48,BTS,BTS,NA,NA,NA,NA,NA,NA,NA,NA,NA,Corea del Sur,NA,NA,NA,NA,NA,NA,NA,NA,NA,FYA,BIGHIT MUSIC,10,32,3,420422
Chile,2026/04/09,abril_2026,49,"Milo j, Trueno",Milo j,Trueno,NA,NA,NA,NA,NA,NA,NA,NA,Argentina,Argentina,NA,NA,NA,NA,NA,NA,NA,NA,Gil,Sony Music Latin,22,46,28,410872
Chile,2026/04/09,abril_2026,50,BTS,BTS,NA,NA,NA,NA,NA,NA,NA,NA,NA,Corea del Sur,NA,NA,NA,NA,NA,NA,NA,NA,NA,they don’t know ’bout us,BIGHIT MUSIC,15,40,3,394944
Colombia,2025/11/06,noviembre_2025,1,"Blessd, Fuerza Regida, Ovy On The Drums",Blessd,Fuerza Regida,Ovy On The Drums,NA,NA,NA,NA,NA,NA,NA,Colombia,Mexico,Colombia,NA,NA,NA,NA,NA,NA,NA,COMO OREO,WEA Latina,1,2,10,2331603
Colombia,2025/11/06,noviembre_2025,2,"Blessd, GeezyDee",Blessd,GeezyDee,NA,NA,NA,NA,NA,NA,NA,NA,Colombia,Colombia,NA,NA,NA,NA,NA,NA,NA,NA,DIOMEDEZ,WEA Latina,1,1,2,1619914
Colombia,2025/11/06,noviembre_2025,3,"Blessd, Anuel AA, Yan Block, Luar La L, Kris R., ROA",Blessd,Anuel AA,Yan Block,Luar La L,Kris R.,ROA,NA,NA,NA,NA,Colombia,Puerto Rico,Puerto Rico,Puerto Rico,Colombia,Puerto Rico,NA,NA,NA,NA,"YOGURCITO REMIX (feat. Kris R., ROA)",WEA Latina,1,4,11,1556877
Colombia,2025/11/06,noviembre_2025,4,"W Sound, Beéle, Ovy On The Drums",W Sound,Beéle,Ovy On The Drums,NA,NA,NA,NA,NA,NA,NA,Colombia,Colombia,Colombia,NA,NA,NA,NA,NA,NA,NA,La Plena - W Sound 05,WEA Latina,1,3,37,1415891
Colombia,2025/11/06,noviembre_2025,5,Beéle,Beéle,NA,NA,NA,NA,NA,NA,NA,NA,NA,Colombia,NA,NA,NA,NA,NA,NA,NA,NA,NA,quédate,5020 Records,2,8,25,1311151
Colombia,2025/11/06,noviembre_2025,6,Blessd,Blessd,NA,NA,NA,NA,NA,NA,NA,NA,NA,Colombia,NA,NA,NA,NA,NA,NA,NA,NA,NA,YOGURCITO,WEA Latina,4,5,62,1298011
Colombia,2025/11/06,noviembre_2025,7,"Ovy On The Drums, Quevedo, Beéle",Ovy On The Drums,Quevedo,Beéle,NA,NA,NA,NA,NA,NA,NA,Colombia,España,Colombia,NA,NA,NA,NA,NA,NA,NA,YO y TÚ,WEA Latina,2,7,21,1288972
Colombia,2025/11/06,noviembre_2025,8,"Kybba, Sean Paul, Ryan Castro, Busy Signal",Kybba,Sean Paul,Ryan Castro,Busy Signal,NA,NA,NA,NA,NA,NA,Paises Bajos,Jamaica,Colombia,Jamaica,NA,NA,NA,NA,NA,NA,Ba Ba Bad Remix,Basshall,2,10,19,1275464
Colombia,2025/11/06,noviembre_2025,9,Beéle,Beéle,NA,NA,NA,NA,NA,NA,NA,NA,NA,Colombia,NA,NA,NA,NA,NA,NA,NA,NA,NA,no tiene sentido,5020 Records,2,6,25,1135306
Colombia,2025/11/06,noviembre_2025,10,"Blessd, Ovy On The Drums",Blessd,Ovy On The Drums,NA,NA,NA,NA,NA,NA,NA,NA,Colombia,Colombia,NA,NA,NA,NA,NA,NA,NA,NA,AMISTA,WEA Latina,2,12,28,1128478
Colombia,2025/11/06,noviembre_2025,11,"Ryan Castro, Dongo",Ryan Castro,Dongo,NA,NA,NA,NA,NA,NA,NA,NA,Colombia,Colombia,NA,NA,NA,NA,NA,NA,NA,NA,SANKA,AWOO Corp./Sony Music Latin,7,21,22,1055254
Colombia,2025/11/06,noviembre_2025,12,"Beéle, Ovy On The Drums",Beéle,Ovy On The Drums,NA,NA,NA,NA,NA,NA,NA,NA,Colombia,Colombia,NA,NA,NA,NA,NA,NA,NA,NA,mi refe,5020 Records,1,9,48,1032959
Colombia,2025/11/06,noviembre_2025,13,Beéle,Beéle,NA,NA,NA,NA,NA,NA,NA,NA,NA,Colombia,NA,NA,NA,NA,NA,NA,NA,NA,NA,top diesel,5020 Records,3,11,25,992796
Colombia,2025/11/06,noviembre_2025,14,"Kenny Die, Blessd, Kris R., Sebas",Kenny Die,Blessd,Kris R.,Sebas,NA,NA,NA,NA,NA,NA,Colombia,Colombia,Colombia,Ecuador,NA,NA,NA,NA,NA,NA,Ultra Complicado (feat. Sebas) - Remix,WEA Latina,3,14,38,962036
Colombia,2025/11/06,noviembre_2025,15,"Kapo, Ryan Castro",Kapo,Ryan Castro,NA,NA,NA,NA,NA,NA,NA,NA,Colombia,Colombia,NA,NA,NA,NA,NA,NA,NA,NA,DÓNDE,Sony Music Latin/La Industria,14,17,18,919231
Colombia,2025/11/06,noviembre_2025,16,"Nanpa Básico, Beéle",Nanpa Básico,Beéle,NA,NA,NA,NA,NA,NA,NA,NA,Colombia,Colombia,NA,NA,NA,NA,NA,NA,NA,NA,Hasta Aquí Llegué,5020 Records,3,16,68,890534
Colombia,2025/11/06,noviembre_2025,17,"KAROL G, Feid",KAROL G,Feid,NA,NA,NA,NA,NA,NA,NA,NA,Colombia,Colombia,NA,NA,NA,NA,NA,NA,NA,NA,Verano Rosa,Bichota/Interscope Records,5,18,20,848316
Colombia,2025/11/06,noviembre_2025,18,"Blessd, Sebastian Ledher, Tayson Kryss, Joseph Ren",Blessd,Sebastian Ledher,Tayson Kryss,Joseph Ren,NA,NA,NA,NA,NA,NA,Colombia,Colombia,Cuba,Colombia,NA,NA,NA,NA,NA,NA,UNA NOCHE DE LOCURA,WEA Latina,10,19,24,812640
Colombia,2025/11/06,noviembre_2025,19,"W Sound, Blessd, Ovy On The Drums",W Sound,Blessd,Ovy On The Drums,NA,NA,NA,NA,NA,NA,NA,Colombia,Colombia,Colombia,NA,NA,NA,NA,NA,NA,NA,Soltera - W Sound 01,WEA Latina,1,27,66,797042
Colombia,2025/11/06,noviembre_2025,20,Kris R.,Kris R.,NA,NA,NA,NA,NA,NA,NA,NA,NA,Colombia,NA,NA,NA,NA,NA,NA,NA,NA,NA,LOS CACORROS USAN KLEIMOND,WEA Latina,4,29,6,796727
Colombia,2025/11/06,noviembre_2025,21,"Kris R., GeezyDee, Prodmonja",Kris R.,GeezyDee,Prodmonja,NA,NA,NA,NA,NA,NA,NA,Colombia,Colombia,Colombia,NA,NA,NA,NA,NA,NA,NA,BOBADITA,WEA Latina,21,-1,1,786065
Colombia,2025/11/06,noviembre_2025,22,Beéle,Beéle,NA,NA,NA,NA,NA,NA,NA,NA,NA,Colombia,NA,NA,NA,NA,NA,NA,NA,NA,NA,si te pillara,5020 Records,6,15,24,773267
Colombia,2025/11/06,noviembre_2025,23,"Blessd, Ovy On The Drums",Blessd,Ovy On The Drums,NA,NA,NA,NA,NA,NA,NA,NA,Colombia,Colombia,NA,NA,NA,NA,NA,NA,NA,NA,Mírame,WEA Latina,1,23,81,756169
Colombia,2025/11/06,noviembre_2025,24,"Blessd, Los Money Makers, Prodmonja",Blessd,Los Money Makers,Prodmonja,NA,NA,NA,NA,NA,NA,NA,Colombia,Colombia,Colombia,NA,NA,NA,NA,NA,NA,NA,URUS BLUE,WEA Latina,22,22,23,745936
Colombia,2025/11/06,noviembre_2025,25,"Yan Block, Panda Black",Yan Block,Panda Black,NA,NA,NA,NA,NA,NA,NA,NA,Puerto Rico,Puerto Rico,NA,NA,NA,NA,NA,NA,NA,NA,444,SONAR LLC.,25,37,68,737868
Colombia,2025/11/06,noviembre_2025,26,Kapo,Kapo,NA,NA,NA,NA,NA,NA,NA,NA,NA,Colombia,NA,NA,NA,NA,NA,NA,NA,NA,NA,UWAIE,Sony Music Latin/La Industria,1,33,64,729310
Colombia,2025/11/06,noviembre_2025,27,Plan B,Plan B,NA,NA,NA,NA,NA,NA,NA,NA,NA,Puerto Rico,NA,NA,NA,NA,NA,NA,NA,NA,NA,Es un Secreto,Pina Records,18,30,249,709589
Colombia,2025/11/06,noviembre_2025,28,"Kris R., Blessd",Kris R.,Blessd,NA,NA,NA,NA,NA,NA,NA,NA,Colombia,Colombia,NA,NA,NA,NA,NA,NA,NA,NA,COSITAS,WEA Latina,16,24,13,695545
Colombia,2025/11/06,noviembre_2025,29,Rels B,Rels B,NA,NA,NA,NA,NA,NA,NA,NA,NA,España,NA,NA,NA,NA,NA,NA,NA,NA,NA,TU VAS SIN (fav),DALE PLAY Records / Flakk Team,14,34,18,687879
Colombia,2025/11/06,noviembre_2025,30,"Rauw Alejandro, Bad Bunny",Rauw Alejandro,Bad Bunny,NA,NA,NA,NA,NA,NA,NA,NA,Puerto Rico,Puerto Rico,NA,NA,NA,NA,NA,NA,NA,NA,Qué Pasaría...,Sony Music Latin/Duars Entertainment,11,26,51,686947
Colombia,2025/11/06,noviembre_2025,31,"Fuerza Regida, Grupo Frontera",Fuerza Regida,Grupo Frontera,NA,NA,NA,NA,NA,NA,NA,NA,Mexico,Mexico,NA,NA,NA,NA,NA,NA,NA,NA,COQUETA,Rancho Humilde/Streetmob Records/Grupo Frontera/Sony Music Latin,19,38,27,669028
Colombia,2025/11/06,noviembre_2025,32,"Feid, ATL Jacob",Feid,ATL Jacob,NA,NA,NA,NA,NA,NA,NA,NA,Colombia,Estados Unidos,NA,NA,NA,NA,NA,NA,NA,NA,LUNA,UMLE - Latino,1,36,101,668879
Colombia,2025/11/06,noviembre_2025,33,"KAROL G, Feid, DFZM, Ovy On The Drums, J Balvin, Maluma, Ryan Castro, Blessd",KAROL G,Feid,DFZM,Ovy On The Drums,J Balvin,Maluma,Ryan Castro,Blessd,NA,NA,Colombia,Colombia,Colombia,Colombia,Colombia,Colombia,Colombia,Colombia,NA,NA,57,Bichota/Interscope Records,1,41,52,663225
Colombia,2025/11/06,noviembre_2025,34,"Yan Block, De La Rose, Hades66, Ñengo Flow",Yan Block,De La Rose,Hades66,Ñengo Flow,NA,NA,NA,NA,NA,NA,Puerto Rico,Puerto Rico,Puerto Rico,Puerto Rico,NA,NA,NA,NA,NA,NA,444 - Remix,SONAR LLC.,34,-1,1,657119
Colombia,2025/11/06,noviembre_2025,35,"Tony Dize, Plan B",Tony Dize,Plan B,NA,NA,NA,NA,NA,NA,NA,NA,Puerto Rico,Puerto Rico,NA,NA,NA,NA,NA,NA,NA,NA,Solos,Pina Records,29,31,160,653601
Colombia,2025/11/06,noviembre_2025,36,Grupo Firme,Grupo Firme,NA,NA,NA,NA,NA,NA,NA,NA,NA,Mexico,NA,NA,NA,NA,NA,NA,NA,NA,NA,El Beneficio De La Duda,Music VIP Entertainment Presenta Grupo Firme,36,44,37,647501
Colombia,2025/11/06,noviembre_2025,37,"Héctor ""El Father"", Wisin & Yandel","Héctor ""El Father""",Wisin & Yandel,NA,NA,NA,NA,NA,NA,NA,NA,Puerto Rico,Puerto Rico,NA,NA,NA,NA,NA,NA,NA,NA,El Teléfono,Machete Music,37,46,14,641825
Colombia,2025/11/06,noviembre_2025,38,"Nicky Jam, Beéle",Nicky Jam,Beéle,NA,NA,NA,NA,NA,NA,NA,NA,Estados Unidos,Colombia,NA,NA,NA,NA,NA,NA,NA,NA,Hiekka,Nicky Jam,1,13,27,636815
Colombia,2025/11/06,noviembre_2025,39,"Blessd, Los Money Makers, Prodmonja",Blessd,Los Money Makers,Prodmonja,NA,NA,NA,NA,NA,NA,NA,Colombia,Colombia,Colombia,NA,NA,NA,NA,NA,NA,NA,NUEVA YORK,WEA Latina,39,40,23,633313
Colombia,2025/11/06,noviembre_2025,40,"Luar La L, ROA, Blessd",Luar La L,ROA,Blessd,NA,NA,NA,NA,NA,NA,NA,Puerto Rico,Puerto Rico,Colombia,NA,NA,NA,NA,NA,NA,NA,Pieza Exhibición,WEA Latina,40,117,2,620979
Colombia,2025/11/06,noviembre_2025,41,"Bad Bunny, Ozuna, Farruko, Arcángel, Ñengo Flow, DJ Luian, Mambo Kingz",Bad Bunny,Ozuna,Farruko,Arcángel,Ñengo Flow,DJ Luian,Mambo Kingz,NA,NA,NA,Puerto Rico,Puerto Rico,Puerto Rico,Puerto Rico,Puerto Rico,Puerto Rico,Puerto Rico,NA,NA,NA,Diles,Rimas Entertainment LLC,39,45,283,615713
Colombia,2025/11/06,noviembre_2025,42,"Danny Ocean, Kapo",Danny Ocean,Kapo,NA,NA,NA,NA,NA,NA,NA,NA,Venezuela,Colombia,NA,NA,NA,NA,NA,NA,NA,NA,Imagínate,Atlantic Records,1,54,52,615550
Colombia,2025/11/06,noviembre_2025,43,Bad Bunny,Bad Bunny,NA,NA,NA,NA,NA,NA,NA,NA,NA,Puerto Rico,NA,NA,NA,NA,NA,NA,NA,NA,NA,BAILE INoLVIDABLE,Rimas Entertainment LLC.,1,42,44,609337
Colombia,2025/11/06,noviembre_2025,44,Arcángel,Arcángel,NA,NA,NA,NA,NA,NA,NA,NA,NA,Puerto Rico,NA,NA,NA,NA,NA,NA,NA,NA,NA,Pa' Que La Pases Bien,Cinq Recordings,23,50,148,606711
Colombia,2025/11/06,noviembre_2025,45,"Shakira, Ed Sheeran, Beéle",Shakira,Ed Sheeran,Beéle,NA,NA,NA,NA,NA,NA,NA,Colombia,Reino Unido,Colombia,NA,NA,NA,NA,NA,NA,NA,Hips Don't Lie - Spotify Anniversary Version,Sony Music Latin,20,20,2,599973
Colombia,2025/11/06,noviembre_2025,46,"Piso 21, Marc Anthony, Beéle",Piso 21,Marc Anthony,Beéle,NA,NA,NA,NA,NA,NA,NA,Colombia,Estados Unidos,Colombia,NA,NA,NA,NA,NA,NA,NA,Volver,WM Mexico,10,156,39,589937
Colombia,2025/11/06,noviembre_2025,47,"Rauw Alejandro, Romeo Santos",Rauw Alejandro,Romeo Santos,NA,NA,NA,NA,NA,NA,NA,NA,Puerto Rico,Estados Unidos,NA,NA,NA,NA,NA,NA,NA,NA,Khé?,Sony Music Latin/Duars Entertainment,7,39,51,585757
Colombia,2025/11/06,noviembre_2025,48,"Maluma, Trap Capos, Noriel, Bryant Myers, Juhn",Maluma,Trap Capos,Noriel,Bryant Myers,Juhn,NA,NA,NA,NA,NA,Colombia,Puerto Rico,Puerto Rico,Puerto Rico,Puerto Rico,NA,NA,NA,NA,NA,"Cuatro Babys (feat. Trap Capos, Noriel, Bryant Myers & Juhn)",Sony Music Latin,16,51,116,585472
Colombia,2025/11/06,noviembre_2025,49,"KAROL G, Marco Antonio Solís",KAROL G,Marco Antonio Solís,NA,NA,NA,NA,NA,NA,NA,NA,Colombia,Mexico,NA,NA,NA,NA,NA,NA,NA,NA,Coleccionando Heridas,Bichota/Interscope Records,10,49,20,579948
Colombia,2025/11/06,noviembre_2025,50,"Yan Block, TORRRES",Yan Block,TORRRES,NA,NA,NA,NA,NA,NA,NA,NA,Puerto Rico,Puerto Rico,NA,NA,NA,NA,NA,NA,NA,NA,Yo sé,SONAR LLC.,42,58,44,579901
Colombia,2025/12/04,diciembre_2025,1,"Blessd, Fuerza Regida, Ovy On The Drums",Blessd,Fuerza Regida,Ovy On The Drums,NA,NA,NA,NA,NA,NA,NA,Colombia,Mexico,Colombia,NA,NA,NA,NA,NA,NA,NA,COMO OREO,WEA Latina,1,1,14,1958603
Colombia,2025/12/04,diciembre_2025,2,Beéle,Beéle,NA,NA,NA,NA,NA,NA,NA,NA,NA,Colombia,NA,NA,NA,NA,NA,NA,NA,NA,NA,quédate,5020 Records,2,2,29,1627995
Colombia,2025/12/04,diciembre_2025,3,"W Sound, Beéle, Ovy On The Drums",W Sound,Beéle,Ovy On The Drums,NA,NA,NA,NA,NA,NA,NA,Colombia,Colombia,Colombia,NA,NA,NA,NA,NA,NA,NA,La Plena - W Sound 05,WEA Latina,1,4,41,1529007
Colombia,2025/12/04,diciembre_2025,4,"Blessd, Anuel AA, Yan Block, Luar La L, Kris R., ROA",Blessd,Anuel AA,Yan Block,Luar La L,Kris R.,ROA,NA,NA,NA,NA,Colombia,Puerto Rico,Puerto Rico,Puerto Rico,Colombia,Puerto Rico,NA,NA,NA,NA,"YOGURCITO REMIX (feat. Kris R., ROA)",WEA Latina,1,3,15,1373755
Colombia,2025/12/04,diciembre_2025,5,Blessd,Blessd,NA,NA,NA,NA,NA,NA,NA,NA,NA,Colombia,NA,NA,NA,NA,NA,NA,NA,NA,NA,YOGURCITO,WEA Latina,4,10,66,1180965
Colombia,2025/12/04,diciembre_2025,6,"Ovy On The Drums, Quevedo, Beéle",Ovy On The Drums,Quevedo,Beéle,NA,NA,NA,NA,NA,NA,NA,Colombia,España,Colombia,NA,NA,NA,NA,NA,NA,NA,YO y TÚ,WEA Latina,2,5,25,1160691
Colombia,2025/12/04,diciembre_2025,7,Beéle,Beéle,NA,NA,NA,NA,NA,NA,NA,NA,NA,Colombia,NA,NA,NA,NA,NA,NA,NA,NA,NA,no tiene sentido,5020 Records,2,7,29,1137373
Colombia,2025/12/04,diciembre_2025,8,Beéle,Beéle,NA,NA,NA,NA,NA,NA,NA,NA,NA,Colombia,NA,NA,NA,NA,NA,NA,NA,NA,NA,top diesel,5020 Records,3,8,29,1106427
Colombia,2025/12/04,diciembre_2025,9,"Kybba, Sean Paul, Ryan Castro, Busy Signal",Kybba,Sean Paul,Ryan Castro,Busy Signal,NA,NA,NA,NA,NA,NA,Paises Bajos,Jamaica,Colombia,Jamaica,NA,NA,NA,NA,NA,NA,Ba Ba Bad Remix,Basshall,2,9,23,1103337
Colombia,2025/12/04,diciembre_2025,10,"Beéle, Ovy On The Drums",Beéle,Ovy On The Drums,NA,NA,NA,NA,NA,NA,NA,NA,Colombia,Colombia,NA,NA,NA,NA,NA,NA,NA,NA,mi refe,5020 Records,1,6,52,1087538
Colombia,2025/12/04,diciembre_2025,11,"Nanpa Básico, Beéle",Nanpa Básico,Beéle,NA,NA,NA,NA,NA,NA,NA,NA,Colombia,Colombia,NA,NA,NA,NA,NA,NA,NA,NA,Hasta Aquí Llegué,5020 Records,3,12,72,1054750
Colombia,2025/12/04,diciembre_2025,12,"Blessd, Ovy On The Drums",Blessd,Ovy On The Drums,NA,NA,NA,NA,NA,NA,NA,NA,Colombia,Colombia,NA,NA,NA,NA,NA,NA,NA,NA,AMISTA,WEA Latina,2,13,32,1013232
Colombia,2025/12/04,diciembre_2025,13,"Blessd, GeezyDee",Blessd,GeezyDee,NA,NA,NA,NA,NA,NA,NA,NA,Colombia,Colombia,NA,NA,NA,NA,NA,NA,NA,NA,DIOMEDEZ,WEA Latina,1,11,6,980056
Colombia,2025/12/04,diciembre_2025,14,"Ryan Castro, Dongo",Ryan Castro,Dongo,NA,NA,NA,NA,NA,NA,NA,NA,Colombia,Colombia,NA,NA,NA,NA,NA,NA,NA,NA,SANKA,AWOO Corp./Sony Music Latin,7,14,26,917843
Colombia,2025/12/04,diciembre_2025,15,"Kris R., GeezyDee, Prodmonja",Kris R.,GeezyDee,Prodmonja,NA,NA,NA,NA,NA,NA,NA,Colombia,Colombia,Colombia,NA,NA,NA,NA,NA,NA,NA,BOBADITA,WEA Latina,15,16,5,840120
Colombia,2025/12/04,diciembre_2025,16,Beéle,Beéle,NA,NA,NA,NA,NA,NA,NA,NA,NA,Colombia,NA,NA,NA,NA,NA,NA,NA,NA,NA,si te pillara,5020 Records,6,15,28,834929
Colombia,2025/12/04,diciembre_2025,17,"El Goldo, Pirlo",El Goldo,Pirlo,NA,NA,NA,NA,NA,NA,NA,NA,Colombia,Colombia,NA,NA,NA,NA,NA,NA,NA,NA,EL FICTICIO,Navia Music Publishing Entertainment SAS,17,27,2,825962
Colombia,2025/12/04,diciembre_2025,18,"Kenny Die, Blessd, Kris R., Sebas",Kenny Die,Blessd,Kris R.,Sebas,NA,NA,NA,NA,NA,NA,Colombia,Colombia,Colombia,Ecuador,NA,NA,NA,NA,NA,NA,Ultra Complicado (feat. Sebas) - Remix,WEA Latina,3,19,42,813994
Colombia,2025/12/04,diciembre_2025,19,"Héctor ""El Father"", Wisin & Yandel","Héctor ""El Father""",Wisin & Yandel,NA,NA,NA,NA,NA,NA,NA,NA,Puerto Rico,Puerto Rico,NA,NA,NA,NA,NA,NA,NA,NA,El Teléfono,Machete Music,19,21,18,813785
Colombia,2025/12/04,diciembre_2025,20,"Kapo, Ryan Castro",Kapo,Ryan Castro,NA,NA,NA,NA,NA,NA,NA,NA,Colombia,Colombia,NA,NA,NA,NA,NA,NA,NA,NA,DÓNDE,Sony Music Latin/La Industria,14,18,22,806273
Colombia,2025/12/04,diciembre_2025,21,Rels B,Rels B,NA,NA,NA,NA,NA,NA,NA,NA,NA,España,NA,NA,NA,NA,NA,NA,NA,NA,NA,TU VAS SIN (fav),DALE PLAY Records / Flakk Team,14,17,22,797018
Colombia,2025/12/04,diciembre_2025,22,Grupo Firme,Grupo Firme,NA,NA,NA,NA,NA,NA,NA,NA,NA,Mexico,NA,NA,NA,NA,NA,NA,NA,NA,NA,El Beneficio De La Duda,Music VIP Entertainment Presenta Grupo Firme,22,22,41,777854
Colombia,2025/12/04,diciembre_2025,23,Kapo,Kapo,NA,NA,NA,NA,NA,NA,NA,NA,NA,Colombia,NA,NA,NA,NA,NA,NA,NA,NA,NA,UWAIE,Sony Music Latin/La Industria,1,33,68,765480
Colombia,2025/12/04,diciembre_2025,24,"KAROL G, Feid",KAROL G,Feid,NA,NA,NA,NA,NA,NA,NA,NA,Colombia,Colombia,NA,NA,NA,NA,NA,NA,NA,NA,Verano Rosa,Bichota/Interscope Records,5,26,24,759604
Colombia,2025/12/04,diciembre_2025,25,"Blessd, Los Money Makers, Prodmonja",Blessd,Los Money Makers,Prodmonja,NA,NA,NA,NA,NA,NA,NA,Colombia,Colombia,Colombia,NA,NA,NA,NA,NA,NA,NA,NUEVA YORK,WEA Latina,25,29,27,748001
Colombia,2025/12/04,diciembre_2025,26,"Feid, ATL Jacob",Feid,ATL Jacob,NA,NA,NA,NA,NA,NA,NA,NA,Colombia,Estados Unidos,NA,NA,NA,NA,NA,NA,NA,NA,LUNA,UMLE - Latino,1,38,105,711798
Colombia,2025/12/04,diciembre_2025,27,"Rodolfo Aicardi, Los Hispanos",Rodolfo Aicardi,Los Hispanos,NA,NA,NA,NA,NA,NA,NA,NA,Colombia,Colombia,NA,NA,NA,NA,NA,NA,NA,NA,Cariñito,Discos Fuentes Edimúsica S.A.S.,18,102,33,707471
Colombia,2025/12/04,diciembre_2025,28,"Blessd, Ovy On The Drums",Blessd,Ovy On The Drums,NA,NA,NA,NA,NA,NA,NA,NA,Colombia,Colombia,NA,NA,NA,NA,NA,NA,NA,NA,Mírame,WEA Latina,1,34,85,694377
Colombia,2025/12/04,diciembre_2025,29,"El Bogueto, Yung Beef",El Bogueto,Yung Beef,NA,NA,NA,NA,NA,NA,NA,NA,Mexico,España,NA,NA,NA,NA,NA,NA,NA,NA,Cuando No Era Cantante,Candela Music,29,45,5,682158
Colombia,2025/12/04,diciembre_2025,30,"Blessd, Kris R., Young Fatty, TURY, CARABIN3, GeezyDee",Blessd,Kris R.,Young Fatty,TURY,CARABIN3,GeezyDee,NA,NA,NA,NA,Colombia,Colombia,Colombia,Colombia,Colombia,Colombia,NA,NA,NA,NA,"40 DE DICIEMBRE (feat. GeezyDee, CARABIN3)",WEA Latina,10,32,4,676008
Colombia,2025/12/04,diciembre_2025,31,Plan B,Plan B,NA,NA,NA,NA,NA,NA,NA,NA,NA,Puerto Rico,NA,NA,NA,NA,NA,NA,NA,NA,NA,Es un Secreto,Pina Records,18,37,253,675840
Colombia,2025/12/04,diciembre_2025,32,Bad Bunny,Bad Bunny,NA,NA,NA,NA,NA,NA,NA,NA,NA,Puerto Rico,NA,NA,NA,NA,NA,NA,NA,NA,NA,BAILE INoLVIDABLE,Rimas Entertainment LLC.,1,41,48,675631
Colombia,2025/12/04,diciembre_2025,33,"Blessd, Anuel AA, Kris R., Young Fatty, CARABIN3, GeezyDee, TURY",Blessd,Anuel AA,Kris R.,Young Fatty,CARABIN3,GeezyDee,TURY,NA,NA,NA,Colombia,Puerto Rico,Colombia,Colombia,Colombia,Colombia,Colombia,NA,NA,NA,"BUENOS DIAS (feat. Tury, GeezyDee, CARABIN3)",WEA Latina,8,23,4,670862
Colombia,2025/12/04,diciembre_2025,34,"Blessd, Sebastian Ledher, Tayson Kryss, Joseph Ren",Blessd,Sebastian Ledher,Tayson Kryss,Joseph Ren,NA,NA,NA,NA,NA,NA,Colombia,Colombia,Cuba,Colombia,NA,NA,NA,NA,NA,NA,UNA NOCHE DE LOCURA,WEA Latina,10,24,28,668313
Colombia,2025/12/04,diciembre_2025,35,"Yan Block, Panda Black",Yan Block,Panda Black,NA,NA,NA,NA,NA,NA,NA,NA,Puerto Rico,Puerto Rico,NA,NA,NA,NA,NA,NA,NA,NA,444,SONAR LLC.,25,39,72,665274
Colombia,2025/12/04,diciembre_2025,36,"W Sound, Blessd, Ovy On The Drums",W Sound,Blessd,Ovy On The Drums,NA,NA,NA,NA,NA,NA,NA,Colombia,Colombia,Colombia,NA,NA,NA,NA,NA,NA,NA,Soltera - W Sound 01,WEA Latina,1,20,70,658724
Colombia,2025/12/04,diciembre_2025,37,"Fuerza Regida, Grupo Frontera",Fuerza Regida,Grupo Frontera,NA,NA,NA,NA,NA,NA,NA,NA,Mexico,Mexico,NA,NA,NA,NA,NA,NA,NA,NA,COQUETA,Rancho Humilde/Streetmob Records/Grupo Frontera/Sony Music Latin,19,28,31,657399
Colombia,2025/12/04,diciembre_2025,38,"Ryan Castro, Kapo, Gangsta",Ryan Castro,Kapo,Gangsta,NA,NA,NA,NA,NA,NA,NA,Colombia,Colombia,Colombia,NA,NA,NA,NA,NA,NA,NA,LA VILLA,AWOO Corp./Sony Music Latin,38,56,5,634939
Colombia,2025/12/04,diciembre_2025,39,Kris R.,Kris R.,NA,NA,NA,NA,NA,NA,NA,NA,NA,Colombia,NA,NA,NA,NA,NA,NA,NA,NA,NA,LOS CACORROS USAN KLEIMOND,WEA Latina,4,25,10,631783
Colombia,2025/12/04,diciembre_2025,40,"Blessd, Los Money Makers, Prodmonja",Blessd,Los Money Makers,Prodmonja,NA,NA,NA,NA,NA,NA,NA,Colombia,Colombia,Colombia,NA,NA,NA,NA,NA,NA,NA,URUS BLUE,WEA Latina,22,31,27,630249
Colombia,2025/12/04,diciembre_2025,41,"KAROL G, Feid, DFZM, Ovy On The Drums, J Balvin, Maluma, Ryan Castro, Blessd",KAROL G,Feid,DFZM,Ovy On The Drums,J Balvin,Maluma,Ryan Castro,Blessd,NA,NA,Colombia,Colombia,Colombia,Colombia,Colombia,Colombia,Colombia,Colombia,NA,NA,57,Bichota/Interscope Records,1,42,56,626574
Colombia,2025/12/04,diciembre_2025,42,"Bad Bunny, Ozuna, Farruko, Arcángel, Ñengo Flow, DJ Luian, Mambo Kingz",Bad Bunny,Ozuna,Farruko,Arcángel,Ñengo Flow,DJ Luian,Mambo Kingz,NA,NA,NA,Puerto Rico,Puerto Rico,Puerto Rico,Puerto Rico,Puerto Rico,Puerto Rico,Puerto Rico,NA,NA,NA,Diles,Rimas Entertainment LLC,39,46,287,616209
Colombia,2025/12/04,diciembre_2025,43,"KAROL G, Marco Antonio Solís",KAROL G,Marco Antonio Solís,NA,NA,NA,NA,NA,NA,NA,NA,Colombia,Mexico,NA,NA,NA,NA,NA,NA,NA,NA,Coleccionando Heridas,Bichota/Interscope Records,10,35,24,604977
Colombia,2025/12/04,diciembre_2025,44,"Rauw Alejandro, Romeo Santos",Rauw Alejandro,Romeo Santos,NA,NA,NA,NA,NA,NA,NA,NA,Puerto Rico,Estados Unidos,NA,NA,NA,NA,NA,NA,NA,NA,Khé?,Sony Music Latin/Duars Entertainment,7,62,55,602355
Colombia,2025/12/04,diciembre_2025,45,Zion & Lennox,Zion & Lennox,NA,NA,NA,NA,NA,NA,NA,NA,NA,Puerto Rico,NA,NA,NA,NA,NA,NA,NA,NA,NA,La player (Bandolera),WEA Latina,2,51,162,600269
Colombia,2025/12/04,diciembre_2025,46,"Tony Dize, Plan B",Tony Dize,Plan B,NA,NA,NA,NA,NA,NA,NA,NA,Puerto Rico,Puerto Rico,NA,NA,NA,NA,NA,NA,NA,NA,Solos,Pina Records,29,47,164,577539
Colombia,2025/12/04,diciembre_2025,47,"Armando Hernandez, El Combo Caribe",Armando Hernandez,El Combo Caribe,NA,NA,NA,NA,NA,NA,NA,NA,Colombia,Colombia,NA,NA,NA,NA,NA,NA,NA,NA,Loquito Por Ti,Discos Fuentes Edimúsica S.A.S.,14,-1,21,573554
Colombia,2025/12/04,diciembre_2025,48,"Danny Ocean, Kapo",Danny Ocean,Kapo,NA,NA,NA,NA,NA,NA,NA,NA,Venezuela,Colombia,NA,NA,NA,NA,NA,NA,NA,NA,Imagínate,Atlantic Records,1,30,56,573367
Colombia,2025/12/04,diciembre_2025,49,Beéle,Beéle,NA,NA,NA,NA,NA,NA,NA,NA,NA,Colombia,NA,NA,NA,NA,NA,NA,NA,NA,NA,sobelove,5020 Records,5,49,39,569561
Colombia,2025/12/04,diciembre_2025,50,Beéle,Beéle,NA,NA,NA,NA,NA,NA,NA,NA,NA,Colombia,NA,NA,NA,NA,NA,NA,NA,NA,NA,frente al mar,5020 Records,13,70,62,569322
Colombia,2026/01/08,enero_2026,1,"Ryan Castro, Kapo, Gangsta",Ryan Castro,Kapo,Gangsta,NA,NA,NA,NA,NA,NA,NA,Colombia,Colombia,Colombia,NA,NA,NA,NA,NA,NA,NA,LA VILLA,AWOO Corp./Sony Music Latin,1,2,10,1539496
Colombia,2026/01/08,enero_2026,2,"W Sound, Beéle, Ovy On The Drums",W Sound,Beéle,Ovy On The Drums,NA,NA,NA,NA,NA,NA,NA,Colombia,Colombia,Colombia,NA,NA,NA,NA,NA,NA,NA,La Plena - W Sound 05,WEA Latina,1,1,46,1467018
Colombia,2026/01/08,enero_2026,3,Beéle,Beéle,NA,NA,NA,NA,NA,NA,NA,NA,NA,Colombia,NA,NA,NA,NA,NA,NA,NA,NA,NA,quédate,5020 Records,2,3,34,1315469
Colombia,2026/01/08,enero_2026,4,Beéle,Beéle,NA,NA,NA,NA,NA,NA,NA,NA,NA,Colombia,NA,NA,NA,NA,NA,NA,NA,NA,NA,no tiene sentido,5020 Records,2,6,34,1249732
Colombia,2026/01/08,enero_2026,5,"Beéle, Ovy On The Drums",Beéle,Ovy On The Drums,NA,NA,NA,NA,NA,NA,NA,NA,Colombia,Colombia,NA,NA,NA,NA,NA,NA,NA,NA,mi refe,5020 Records,1,13,57,1158954
Colombia,2026/01/08,enero_2026,6,Grupo Firme,Grupo Firme,NA,NA,NA,NA,NA,NA,NA,NA,NA,Mexico,NA,NA,NA,NA,NA,NA,NA,NA,NA,El Beneficio De La Duda,Music VIP Entertainment Presenta Grupo Firme,3,4,46,1016287
Colombia,2026/01/08,enero_2026,7,"Blessd, Anuel AA, Yan Block, Luar La L, Kris R., ROA",Blessd,Anuel AA,Yan Block,Luar La L,Kris R.,ROA,NA,NA,NA,NA,Colombia,Puerto Rico,Puerto Rico,Puerto Rico,Colombia,Puerto Rico,NA,NA,NA,NA,"YOGURCITO REMIX (feat. Kris R., ROA)",WEA Latina,1,7,20,986146
Colombia,2026/01/08,enero_2026,8,"Blessd, Los Money Makers, Prodmonja",Blessd,Los Money Makers,Prodmonja,NA,NA,NA,NA,NA,NA,NA,Colombia,Colombia,Colombia,NA,NA,NA,NA,NA,NA,NA,NUEVA YORK,WEA Latina,8,18,32,979468
Colombia,2026/01/08,enero_2026,9,Blessd,Blessd,NA,NA,NA,NA,NA,NA,NA,NA,NA,Colombia,NA,NA,NA,NA,NA,NA,NA,NA,NA,YOGURCITO,WEA Latina,4,10,71,966514
Colombia,2026/01/08,enero_2026,10,"Blessd, Ovy On The Drums",Blessd,Ovy On The Drums,NA,NA,NA,NA,NA,NA,NA,NA,Colombia,Colombia,NA,NA,NA,NA,NA,NA,NA,NA,AMISTA,WEA Latina,2,12,37,940065
Colombia,2026/01/08,enero_2026,11,"Blessd, Fuerza Regida, Ovy On The Drums",Blessd,Fuerza Regida,Ovy On The Drums,NA,NA,NA,NA,NA,NA,NA,Colombia,Mexico,Colombia,NA,NA,NA,NA,NA,NA,NA,COMO OREO,WEA Latina,1,14,19,908410
Colombia,2026/01/08,enero_2026,12,Beéle,Beéle,NA,NA,NA,NA,NA,NA,NA,NA,NA,Colombia,NA,NA,NA,NA,NA,NA,NA,NA,NA,top diesel,5020 Records,3,11,34,850217
Colombia,2026/01/08,enero_2026,13,"Kapo, Ryan Castro",Kapo,Ryan Castro,NA,NA,NA,NA,NA,NA,NA,NA,Colombia,Colombia,NA,NA,NA,NA,NA,NA,NA,NA,DÓNDE,Sony Music Latin/La Industria,13,19,27,828017
Colombia,2026/01/08,enero_2026,14,"Ryan Castro, Dongo",Ryan Castro,Dongo,NA,NA,NA,NA,NA,NA,NA,NA,Colombia,Colombia,NA,NA,NA,NA,NA,NA,NA,NA,SANKA,AWOO Corp./Sony Music Latin,7,15,31,816945
Colombia,2026/01/08,enero_2026,15,"Kybba, Sean Paul, Ryan Castro, Busy Signal",Kybba,Sean Paul,Ryan Castro,Busy Signal,NA,NA,NA,NA,NA,NA,Paises Bajos,Jamaica,Colombia,Jamaica,NA,NA,NA,NA,NA,NA,Ba Ba Bad Remix,Basshall,2,5,28,812519
Colombia,2026/01/08,enero_2026,16,"Nanpa Básico, Beéle",Nanpa Básico,Beéle,NA,NA,NA,NA,NA,NA,NA,NA,Colombia,Colombia,NA,NA,NA,NA,NA,NA,NA,NA,Hasta Aquí Llegué,5020 Records,3,22,77,797979
Colombia,2026/01/08,enero_2026,17,Bad Bunny,Bad Bunny,NA,NA,NA,NA,NA,NA,NA,NA,NA,Puerto Rico,NA,NA,NA,NA,NA,NA,NA,NA,NA,BAILE INoLVIDABLE,Rimas Entertainment LLC.,1,21,53,763999
Colombia,2026/01/08,enero_2026,18,Kapo,Kapo,NA,NA,NA,NA,NA,NA,NA,NA,NA,Colombia,NA,NA,NA,NA,NA,NA,NA,NA,NA,UWAIE,Sony Music Latin/La Industria,1,26,73,751932
Colombia,2026/01/08,enero_2026,19,"Ovy On The Drums, Quevedo, Beéle",Ovy On The Drums,Quevedo,Beéle,NA,NA,NA,NA,NA,NA,NA,Colombia,España,Colombia,NA,NA,NA,NA,NA,NA,NA,YO y TÚ,WEA Latina,2,8,30,723243
Colombia,2026/01/08,enero_2026,20,Bad Bunny,Bad Bunny,NA,NA,NA,NA,NA,NA,NA,NA,NA,Puerto Rico,NA,NA,NA,NA,NA,NA,NA,NA,NA,NO ME QUIERO CASAR,Rimas Entertainment LLC,20,38,71,703932
Colombia,2026/01/08,enero_2026,21,"Héctor ""El Father"", Wisin & Yandel","Héctor ""El Father""",Wisin & Yandel,NA,NA,NA,NA,NA,NA,NA,NA,Puerto Rico,Puerto Rico,NA,NA,NA,NA,NA,NA,NA,NA,El Teléfono,Machete Music,19,30,23,695091
Colombia,2026/01/08,enero_2026,22,"El Bogueto, Yung Beef",El Bogueto,Yung Beef,NA,NA,NA,NA,NA,NA,NA,NA,Mexico,España,NA,NA,NA,NA,NA,NA,NA,NA,Cuando No Era Cantante,Candela Music,22,33,10,688260
Colombia,2026/01/08,enero_2026,23,"J Balvin, Bad Bunny",J Balvin,Bad Bunny,NA,NA,NA,NA,NA,NA,NA,NA,Colombia,Puerto Rico,NA,NA,NA,NA,NA,NA,NA,NA,LA CANCIÓN,Universal Music Latino / Rimas,2,23,341,681601
Colombia,2026/01/08,enero_2026,24,Bad Bunny,Bad Bunny,NA,NA,NA,NA,NA,NA,NA,NA,NA,Puerto Rico,NA,NA,NA,NA,NA,NA,NA,NA,NA,DtMF,Rimas Entertainment LLC.,1,27,53,665710
Colombia,2026/01/08,enero_2026,25,"Feid, ATL Jacob",Feid,ATL Jacob,NA,NA,NA,NA,NA,NA,NA,NA,Colombia,Estados Unidos,NA,NA,NA,NA,NA,NA,NA,NA,LUNA,UMLE - Latino,1,29,110,658670
Colombia,2026/01/08,enero_2026,26,Rels B,Rels B,NA,NA,NA,NA,NA,NA,NA,NA,NA,España,NA,NA,NA,NA,NA,NA,NA,NA,NA,TU VAS SIN (fav),DALE PLAY Records / Flakk Team,14,31,27,655918
Colombia,2026/01/08,enero_2026,27,Beéle,Beéle,NA,NA,NA,NA,NA,NA,NA,NA,NA,Colombia,NA,NA,NA,NA,NA,NA,NA,NA,NA,si te pillara,5020 Records,6,28,33,649202
Colombia,2026/01/08,enero_2026,28,"W Sound, Blessd, Ovy On The Drums",W Sound,Blessd,Ovy On The Drums,NA,NA,NA,NA,NA,NA,NA,Colombia,Colombia,Colombia,NA,NA,NA,NA,NA,NA,NA,Soltera - W Sound 01,WEA Latina,1,35,75,649121
Colombia,2026/01/08,enero_2026,29,"KAROL G, Feid",KAROL G,Feid,NA,NA,NA,NA,NA,NA,NA,NA,Colombia,Colombia,NA,NA,NA,NA,NA,NA,NA,NA,Verano Rosa,Bichota/Interscope Records,5,34,29,647588
Colombia,2026/01/08,enero_2026,30,"Kenny Die, Blessd, Kris R., Sebas",Kenny Die,Blessd,Kris R.,Sebas,NA,NA,NA,NA,NA,NA,Colombia,Colombia,Colombia,Ecuador,NA,NA,NA,NA,NA,NA,Ultra Complicado (feat. Sebas) - Remix,WEA Latina,3,40,47,631885
Colombia,2026/01/08,enero_2026,31,"Blessd, Ovy On The Drums",Blessd,Ovy On The Drums,NA,NA,NA,NA,NA,NA,NA,NA,Colombia,Colombia,NA,NA,NA,NA,NA,NA,NA,NA,Mírame,WEA Latina,1,37,90,615100
Colombia,2026/01/08,enero_2026,32,"Blessd, Anuel AA, Kris R., Young Fatty, CARABIN3, GeezyDee, TURY",Blessd,Anuel AA,Kris R.,Young Fatty,CARABIN3,GeezyDee,TURY,NA,NA,NA,Colombia,Puerto Rico,Colombia,Colombia,Colombia,Colombia,Colombia,NA,NA,NA,"BUENOS DIAS (feat. Tury, GeezyDee, CARABIN3)",WEA Latina,8,70,9,604374
Colombia,2026/01/08,enero_2026,33,Plan B,Plan B,NA,NA,NA,NA,NA,NA,NA,NA,NA,Puerto Rico,NA,NA,NA,NA,NA,NA,NA,NA,NA,Es un Secreto,Pina Records,18,39,258,595767
Colombia,2026/01/08,enero_2026,34,"Fuerza Regida, Grupo Frontera",Fuerza Regida,Grupo Frontera,NA,NA,NA,NA,NA,NA,NA,NA,Mexico,Mexico,NA,NA,NA,NA,NA,NA,NA,NA,COQUETA,Rancho Humilde/Streetmob Records/Grupo Frontera/Sony Music Latin,19,36,36,590408
Colombia,2026/01/08,enero_2026,35,"Blessd, GeezyDee",Blessd,GeezyDee,NA,NA,NA,NA,NA,NA,NA,NA,Colombia,Colombia,NA,NA,NA,NA,NA,NA,NA,NA,DIOMEDEZ,WEA Latina,1,25,11,588286
Colombia,2026/01/08,enero_2026,36,"El Bogueto, Anuel AA, Fuerza Regida, Yung Beef",El Bogueto,Anuel AA,Fuerza Regida,Yung Beef,NA,NA,NA,NA,NA,NA,Mexico,Puerto Rico,Mexico,España,NA,NA,NA,NA,NA,NA,Cuando No Era Cantante - Remix,El Bogueto,36,43,4,579492
Colombia,2026/01/08,enero_2026,37,"Bad Bunny, Ozuna, Farruko, Arcángel, Ñengo Flow, DJ Luian, Mambo Kingz",Bad Bunny,Ozuna,Farruko,Arcángel,Ñengo Flow,DJ Luian,Mambo Kingz,NA,NA,NA,Puerto Rico,Puerto Rico,Puerto Rico,Puerto Rico,Puerto Rico,Puerto Rico,Puerto Rico,NA,NA,NA,Diles,Rimas Entertainment LLC,37,45,292,576959
Colombia,2026/01/08,enero_2026,38,Zion & Lennox,Zion & Lennox,NA,NA,NA,NA,NA,NA,NA,NA,NA,Puerto Rico,NA,NA,NA,NA,NA,NA,NA,NA,NA,La player (Bandolera),WEA Latina,2,72,167,571041
Colombia,2026/01/08,enero_2026,39,"Blessd, Los Money Makers, Prodmonja",Blessd,Los Money Makers,Prodmonja,NA,NA,NA,NA,NA,NA,NA,Colombia,Colombia,Colombia,NA,NA,NA,NA,NA,NA,NA,URUS BLUE,WEA Latina,22,55,32,570488
Colombia,2026/01/08,enero_2026,40,"Danny Ocean, Kapo",Danny Ocean,Kapo,NA,NA,NA,NA,NA,NA,NA,NA,Venezuela,Colombia,NA,NA,NA,NA,NA,NA,NA,NA,Imagínate,Atlantic Records,1,123,61,570384
Colombia,2026/01/08,enero_2026,41,"Topboy TGR, Kzadores",Topboy TGR,Kzadores,NA,NA,NA,NA,NA,NA,NA,NA,Colombia,Colombia,NA,NA,NA,NA,NA,NA,NA,NA,MÁS DE AHÍ,"Topboy TGR, Slowrecords",38,41,9,565182
Colombia,2026/01/08,enero_2026,42,Luis Alberto Posada,Luis Alberto Posada,NA,NA,NA,NA,NA,NA,NA,NA,NA,Colombia,NA,NA,NA,NA,NA,NA,NA,NA,NA,Mal Amor,Luis Alberto Posada,32,32,10,551412
Colombia,2026/01/08,enero_2026,43,"Ozuna, Beéle",Ozuna,Beéle,NA,NA,NA,NA,NA,NA,NA,NA,Puerto Rico,Colombia,NA,NA,NA,NA,NA,NA,NA,NA,Pikito,Nibiru International/Sony Music Latin,43,58,4,549348
Colombia,2026/01/08,enero_2026,44,"Blessd, Kris R., Young Fatty, TURY, CARABIN3, GeezyDee",Blessd,Kris R.,Young Fatty,TURY,CARABIN3,GeezyDee,NA,NA,NA,NA,Colombia,Colombia,Colombia,Colombia,Colombia,Colombia,NA,NA,NA,NA,"40 DE DICIEMBRE (feat. GeezyDee, CARABIN3)",WEA Latina,10,50,9,541447
Colombia,2026/01/08,enero_2026,45,Kapo,Kapo,NA,NA,NA,NA,NA,NA,NA,NA,NA,Colombia,NA,NA,NA,NA,NA,NA,NA,NA,NA,OHNANA,Sony Music Latin/La Industria,3,61,82,536544
Colombia,2026/01/08,enero_2026,46,"Boza, ELENA ROSE",Boza,ELENA ROSE,NA,NA,NA,NA,NA,NA,NA,NA,Panama,Venezuela,NA,NA,NA,NA,NA,NA,NA,NA,orióN,Sony Music Latin,6,82,82,533387
Colombia,2026/01/08,enero_2026,47,"Rauw Alejandro, Romeo Santos",Rauw Alejandro,Romeo Santos,NA,NA,NA,NA,NA,NA,NA,NA,Puerto Rico,Estados Unidos,NA,NA,NA,NA,NA,NA,NA,NA,Khé?,Sony Music Latin/Duars Entertainment,7,62,60,528400
Colombia,2026/01/08,enero_2026,48,"KAROL G, Feid, DFZM, Ovy On The Drums, J Balvin, Maluma, Ryan Castro, Blessd",KAROL G,Feid,DFZM,Ovy On The Drums,J Balvin,Maluma,Ryan Castro,Blessd,NA,NA,Colombia,Colombia,Colombia,Colombia,Colombia,Colombia,Colombia,Colombia,NA,NA,57,Bichota/Interscope Records,1,42,61,524082
Colombia,2026/01/08,enero_2026,49,"CARABIN3, SVNTI",CARABIN3,SVNTI,NA,NA,NA,NA,NA,NA,NA,NA,Colombia,Colombia,NA,NA,NA,NA,NA,NA,NA,NA,MUSA,Dinastia INC,49,102,5,523197
Colombia,2026/01/08,enero_2026,50,"Yan Block, Panda Black",Yan Block,Panda Black,NA,NA,NA,NA,NA,NA,NA,NA,Puerto Rico,Puerto Rico,NA,NA,NA,NA,NA,NA,NA,NA,444,SONAR LLC.,25,52,77,522929
Colombia,2026/02/05,febrero_2026,1,"Ryan Castro, Kapo, Gangsta",Ryan Castro,Kapo,Gangsta,NA,NA,NA,NA,NA,NA,NA,Colombia,Colombia,Colombia,NA,NA,NA,NA,NA,NA,NA,LA VILLA,AWOO Corp./Sony Music Latin,1,1,14,1828395
Colombia,2026/02/05,febrero_2026,2,Kris R.,Kris R.,NA,NA,NA,NA,NA,NA,NA,NA,NA,Colombia,NA,NA,NA,NA,NA,NA,NA,NA,NA,GANAS,WEA Latina,2,3,3,1659548
Colombia,2026/02/05,febrero_2026,3,"Mr Plata, El Americano 4KT",Mr Plata,El Americano 4KT,NA,NA,NA,NA,NA,NA,NA,NA,Colombia,Colombia,NA,NA,NA,NA,NA,NA,NA,NA,Las Muñequitas,Universal Music Colombia S.A.S.,3,15,5,1464247
Colombia,2026/02/05,febrero_2026,4,"Yeison Jimenez, Luis Alfonso",Yeison Jimenez,Luis Alfonso,NA,NA,NA,NA,NA,NA,NA,NA,Colombia,Colombia,NA,NA,NA,NA,NA,NA,NA,NA,Destino Final,Yeison Jimenez,1,2,9,1433202
Colombia,2026/02/05,febrero_2026,5,"W Sound, Beéle, Ovy On The Drums",W Sound,Beéle,Ovy On The Drums,NA,NA,NA,NA,NA,NA,NA,Colombia,Colombia,Colombia,NA,NA,NA,NA,NA,NA,NA,La Plena - W Sound 05,WEA Latina,1,4,50,1301361
Colombia,2026/02/05,febrero_2026,6,Beéle,Beéle,NA,NA,NA,NA,NA,NA,NA,NA,NA,Colombia,NA,NA,NA,NA,NA,NA,NA,NA,NA,quédate,5020 Records,2,6,38,1239933
Colombia,2026/02/05,febrero_2026,7,Beéle,Beéle,NA,NA,NA,NA,NA,NA,NA,NA,NA,Colombia,NA,NA,NA,NA,NA,NA,NA,NA,NA,no tiene sentido,5020 Records,2,5,38,1187674
Colombia,2026/02/05,febrero_2026,8,"Blessd, Los Money Makers, Prodmonja",Blessd,Los Money Makers,Prodmonja,NA,NA,NA,NA,NA,NA,NA,Colombia,Colombia,Colombia,NA,NA,NA,NA,NA,NA,NA,NUEVA YORK,WEA Latina,8,11,36,1163789
Colombia,2026/02/05,febrero_2026,9,Grupo Firme,Grupo Firme,NA,NA,NA,NA,NA,NA,NA,NA,NA,Mexico,NA,NA,NA,NA,NA,NA,NA,NA,NA,El Beneficio De La Duda,Music VIP Entertainment Presenta Grupo Firme,3,8,50,1140753
Colombia,2026/02/05,febrero_2026,10,"Beéle, Ovy On The Drums",Beéle,Ovy On The Drums,NA,NA,NA,NA,NA,NA,NA,NA,Colombia,Colombia,NA,NA,NA,NA,NA,NA,NA,NA,mi refe,5020 Records,1,9,61,1069248
Colombia,2026/02/05,febrero_2026,11,Bad Bunny,Bad Bunny,NA,NA,NA,NA,NA,NA,NA,NA,NA,Puerto Rico,NA,NA,NA,NA,NA,NA,NA,NA,NA,BAILE INoLVIDABLE,Rimas Entertainment LLC.,1,7,57,1064722
Colombia,2026/02/05,febrero_2026,12,"Blessd, Anuel AA, Yan Block, Luar La L, Kris R., ROA",Blessd,Anuel AA,Yan Block,Luar La L,Kris R.,ROA,NA,NA,NA,NA,Colombia,Puerto Rico,Puerto Rico,Puerto Rico,Colombia,Puerto Rico,NA,NA,NA,NA,"YOGURCITO REMIX (feat. Kris R., ROA)",WEA Latina,1,12,24,1056868
Colombia,2026/02/05,febrero_2026,13,Blessd,Blessd,NA,NA,NA,NA,NA,NA,NA,NA,NA,Colombia,NA,NA,NA,NA,NA,NA,NA,NA,NA,YOGURCITO,WEA Latina,4,13,75,1054134
Colombia,2026/02/05,febrero_2026,14,Yeison Jimenez,Yeison Jimenez,NA,NA,NA,NA,NA,NA,NA,NA,NA,Colombia,NA,NA,NA,NA,NA,NA,NA,NA,NA,Por Qué la Envidia,YJ COMPANY,3,10,14,1040689
Colombia,2026/02/05,febrero_2026,15,"Blessd, Ovy On The Drums",Blessd,Ovy On The Drums,NA,NA,NA,NA,NA,NA,NA,NA,Colombia,Colombia,NA,NA,NA,NA,NA,NA,NA,NA,AMISTA,WEA Latina,2,14,41,1021029
Colombia,2026/02/05,febrero_2026,16,"Fuerza Regida, Grupo Frontera",Fuerza Regida,Grupo Frontera,NA,NA,NA,NA,NA,NA,NA,NA,Mexico,Mexico,NA,NA,NA,NA,NA,NA,NA,NA,COQUETA,Rancho Humilde/Streetmob Records/Grupo Frontera/Sony Music Latin,16,22,40,994611
Colombia,2026/02/05,febrero_2026,17,"Blessd, J Alvarez",Blessd,J Alvarez,NA,NA,NA,NA,NA,NA,NA,NA,Colombia,Puerto Rico,NA,NA,NA,NA,NA,NA,NA,NA,FANÁTICO,WEA Latina,17,-1,1,980493
Colombia,2026/02/05,febrero_2026,18,Bad Bunny,Bad Bunny,NA,NA,NA,NA,NA,NA,NA,NA,NA,Puerto Rico,NA,NA,NA,NA,NA,NA,NA,NA,NA,DtMF,Rimas Entertainment LLC.,1,16,57,935908
Colombia,2026/02/05,febrero_2026,19,Yeison Jimenez,Yeison Jimenez,NA,NA,NA,NA,NA,NA,NA,NA,NA,Colombia,NA,NA,NA,NA,NA,NA,NA,NA,NA,Vete,Yeison Jimenez,10,24,15,888789
Colombia,2026/02/05,febrero_2026,20,"Yeison Jimenez, Chayín Rubio",Yeison Jimenez,Chayín Rubio,NA,NA,NA,NA,NA,NA,NA,NA,Colombia,Mexico,NA,NA,NA,NA,NA,NA,NA,NA,El Mejor - Remix,Yeison Jimenez,8,17,4,873726
Colombia,2026/02/05,febrero_2026,21,"J Balvin, Bad Bunny",J Balvin,Bad Bunny,NA,NA,NA,NA,NA,NA,NA,NA,Colombia,Puerto Rico,NA,NA,NA,NA,NA,NA,NA,NA,LA CANCIÓN,Universal Music Latino / Rimas,2,18,345,851723
Colombia,2026/02/05,febrero_2026,22,ARIA VEGA,ARIA VEGA,NA,NA,NA,NA,NA,NA,NA,NA,NA,Colombia,NA,NA,NA,NA,NA,NA,NA,NA,NA,CHÉVERE (joesón_type_beat),Plush Records,22,61,3,849152
Colombia,2026/02/05,febrero_2026,23,"Bad Bunny, Ozuna, Farruko, Arcángel, Ñengo Flow, DJ Luian, Mambo Kingz",Bad Bunny,Ozuna,Farruko,Arcángel,Ñengo Flow,DJ Luian,Mambo Kingz,NA,NA,NA,Puerto Rico,Puerto Rico,Puerto Rico,Puerto Rico,Puerto Rico,Puerto Rico,Puerto Rico,NA,NA,NA,Diles,Rimas Entertainment LLC,20,20,296,834966
Colombia,2026/02/05,febrero_2026,24,Bad Bunny,Bad Bunny,NA,NA,NA,NA,NA,NA,NA,NA,NA,Puerto Rico,NA,NA,NA,NA,NA,NA,NA,NA,NA,NO ME QUIERO CASAR,Rimas Entertainment LLC,19,19,75,830836
Colombia,2026/02/05,febrero_2026,25,"Bad Bunny, Omar Courtz, Dei V",Bad Bunny,Omar Courtz,Dei V,NA,NA,NA,NA,NA,NA,NA,Puerto Rico,Puerto Rico,Puerto Rico,NA,NA,NA,NA,NA,NA,NA,VeLDÁ,Rimas Entertainment LLC.,5,26,57,814394
Colombia,2026/02/05,febrero_2026,26,Bad Bunny,Bad Bunny,NA,NA,NA,NA,NA,NA,NA,NA,NA,Puerto Rico,NA,NA,NA,NA,NA,NA,NA,NA,NA,EoO,Rimas Entertainment LLC.,7,25,57,790851
Colombia,2026/02/05,febrero_2026,27,Yeison Jimenez,Yeison Jimenez,NA,NA,NA,NA,NA,NA,NA,NA,NA,Colombia,NA,NA,NA,NA,NA,NA,NA,NA,NA,MLP,Yeison Jimenez,8,28,8,788517
Colombia,2026/02/05,febrero_2026,28,Bad Bunny,Bad Bunny,NA,NA,NA,NA,NA,NA,NA,NA,NA,Puerto Rico,NA,NA,NA,NA,NA,NA,NA,NA,NA,VOY A LLeVARTE PA PR,Rimas Entertainment LLC.,4,23,57,787068
Colombia,2026/02/05,febrero_2026,29,"Nanpa Básico, Beéle",Nanpa Básico,Beéle,NA,NA,NA,NA,NA,NA,NA,NA,Colombia,Colombia,NA,NA,NA,NA,NA,NA,NA,NA,Hasta Aquí Llegué,5020 Records,3,29,81,781995
Colombia,2026/02/05,febrero_2026,30,"Blessd, Fuerza Regida, Ovy On The Drums",Blessd,Fuerza Regida,Ovy On The Drums,NA,NA,NA,NA,NA,NA,NA,Colombia,Mexico,Colombia,NA,NA,NA,NA,NA,NA,NA,COMO OREO,WEA Latina,1,21,23,781737
Colombia,2026/02/05,febrero_2026,31,"Ovy On The Drums, Quevedo, Beéle",Ovy On The Drums,Quevedo,Beéle,NA,NA,NA,NA,NA,NA,NA,Colombia,España,Colombia,NA,NA,NA,NA,NA,NA,NA,YO y TÚ,WEA Latina,2,47,34,776910
Colombia,2026/02/05,febrero_2026,32,Kapo,Kapo,NA,NA,NA,NA,NA,NA,NA,NA,NA,Colombia,NA,NA,NA,NA,NA,NA,NA,NA,NA,UWAIE,Sony Music Latin/La Industria,1,32,77,772729
Colombia,2026/02/05,febrero_2026,33,"Ryan Castro, Dongo",Ryan Castro,Dongo,NA,NA,NA,NA,NA,NA,NA,NA,Colombia,Colombia,NA,NA,NA,NA,NA,NA,NA,NA,SANKA,AWOO Corp./Sony Music Latin,7,27,35,767190
Colombia,2026/02/05,febrero_2026,34,"Kapo, Ryan Castro",Kapo,Ryan Castro,NA,NA,NA,NA,NA,NA,NA,NA,Colombia,Colombia,NA,NA,NA,NA,NA,NA,NA,NA,DÓNDE,Sony Music Latin/La Industria,13,30,31,750972
Colombia,2026/02/05,febrero_2026,35,Beéle,Beéle,NA,NA,NA,NA,NA,NA,NA,NA,NA,Colombia,NA,NA,NA,NA,NA,NA,NA,NA,NA,top diesel,5020 Records,3,31,38,744342
Colombia,2026/02/05,febrero_2026,36,"CARABIN3, SVNTI",CARABIN3,SVNTI,NA,NA,NA,NA,NA,NA,NA,NA,Colombia,Colombia,NA,NA,NA,NA,NA,NA,NA,NA,MUSA,Dinastia INC,36,46,9,701751
Colombia,2026/02/05,febrero_2026,37,"Feid, ATL Jacob",Feid,ATL Jacob,NA,NA,NA,NA,NA,NA,NA,NA,Colombia,Estados Unidos,NA,NA,NA,NA,NA,NA,NA,NA,LUNA,UMLE - Latino,1,37,114,701519
Colombia,2026/02/05,febrero_2026,38,"KAROL G, Feid",KAROL G,Feid,NA,NA,NA,NA,NA,NA,NA,NA,Colombia,Colombia,NA,NA,NA,NA,NA,NA,NA,NA,Verano Rosa,Bichota/Interscope Records,5,39,33,695955
Colombia,2026/02/05,febrero_2026,39,Yeison Jimenez,Yeison Jimenez,NA,NA,NA,NA,NA,NA,NA,NA,NA,Colombia,NA,NA,NA,NA,NA,NA,NA,NA,NA,Un Perro Enamorado,YJ COMPANY,21,41,4,695762
Colombia,2026/02/05,febrero_2026,40,"Alzate, Yeison Jimenez",Alzate,Yeison Jimenez,NA,NA,NA,NA,NA,NA,NA,NA,Colombia,Colombia,NA,NA,NA,NA,NA,NA,NA,NA,Mi Venganza,Desde Abajo Records,11,34,58,693849
Colombia,2026/02/05,febrero_2026,41,"Héctor ""El Father"", Wisin & Yandel","Héctor ""El Father""",Wisin & Yandel,NA,NA,NA,NA,NA,NA,NA,NA,Puerto Rico,Puerto Rico,NA,NA,NA,NA,NA,NA,NA,NA,El Teléfono,Machete Music,19,42,27,691962
Colombia,2026/02/05,febrero_2026,42,"El Bogueto, Anuel AA, Fuerza Regida, Yung Beef",El Bogueto,Anuel AA,Fuerza Regida,Yung Beef,NA,NA,NA,NA,NA,NA,Mexico,Puerto Rico,Mexico,España,NA,NA,NA,NA,NA,NA,Cuando No Era Cantante - Remix,El Bogueto,36,62,8,690475
Colombia,2026/02/05,febrero_2026,43,"Blessd, Los Money Makers, Prodmonja",Blessd,Los Money Makers,Prodmonja,NA,NA,NA,NA,NA,NA,NA,Colombia,Colombia,Colombia,NA,NA,NA,NA,NA,NA,NA,URUS BLUE,WEA Latina,22,45,36,686977
Colombia,2026/02/05,febrero_2026,44,"El Bogueto, Yung Beef",El Bogueto,Yung Beef,NA,NA,NA,NA,NA,NA,NA,NA,Mexico,España,NA,NA,NA,NA,NA,NA,NA,NA,Cuando No Era Cantante,Candela Music,22,40,14,684708
Colombia,2026/02/05,febrero_2026,45,"Kenny Die, Blessd, Kris R., Sebas",Kenny Die,Blessd,Kris R.,Sebas,NA,NA,NA,NA,NA,NA,Colombia,Colombia,Colombia,Ecuador,NA,NA,NA,NA,NA,NA,Ultra Complicado (feat. Sebas) - Remix,WEA Latina,3,54,51,680009
Colombia,2026/02/05,febrero_2026,46,"Kybba, Sean Paul, Ryan Castro, Busy Signal",Kybba,Sean Paul,Ryan Castro,Busy Signal,NA,NA,NA,NA,NA,NA,Paises Bajos,Jamaica,Colombia,Jamaica,NA,NA,NA,NA,NA,NA,Ba Ba Bad Remix,Basshall,2,35,32,674032
Colombia,2026/02/05,febrero_2026,47,Rels B,Rels B,NA,NA,NA,NA,NA,NA,NA,NA,NA,España,NA,NA,NA,NA,NA,NA,NA,NA,NA,TU VAS SIN (fav),DALE PLAY Records / Flakk Team,14,38,31,670787
Colombia,2026/02/05,febrero_2026,48,"Blessd, Anuel AA, Kris R., Young Fatty, CARABIN3, GeezyDee, TURY",Blessd,Anuel AA,Kris R.,Young Fatty,CARABIN3,GeezyDee,TURY,NA,NA,NA,Colombia,Puerto Rico,Colombia,Colombia,Colombia,Colombia,Colombia,NA,NA,NA,"BUENOS DIAS (feat. Tury, GeezyDee, CARABIN3)",WEA Latina,8,71,13,666417
Colombia,2026/02/05,febrero_2026,49,Yeison Jimenez,Yeison Jimenez,NA,NA,NA,NA,NA,NA,NA,NA,NA,Colombia,NA,NA,NA,NA,NA,NA,NA,NA,NA,Se Acabó,Yeison Jimenez,22,33,4,661917
Colombia,2026/02/05,febrero_2026,50,Yeison Jimenez,Yeison Jimenez,NA,NA,NA,NA,NA,NA,NA,NA,NA,Colombia,NA,NA,NA,NA,NA,NA,NA,NA,NA,Ya No Mi Amor,YJ COMPANY,9,48,12,656509
Colombia,2026/03/05,marzo_2026,1,"Mr Plata, El Americano 4KT",Mr Plata,El Americano 4KT,NA,NA,NA,NA,NA,NA,NA,NA,Colombia,Colombia,NA,NA,NA,NA,NA,NA,NA,NA,Las Muñequitas,Universal Music Colombia S.A.S.,1,1,9,1990353
Colombia,2026/03/05,marzo_2026,2,"ARIA VEGA, Ryan Castro",ARIA VEGA,Ryan Castro,NA,NA,NA,NA,NA,NA,NA,NA,Colombia,Colombia,NA,NA,NA,NA,NA,NA,NA,NA,CHÉVERE (premium_remix),WEA Latina,2,2,3,1793988
Colombia,2026/03/05,marzo_2026,3,"Ryan Castro, Kapo, Gangsta",Ryan Castro,Kapo,Gangsta,NA,NA,NA,NA,NA,NA,NA,Colombia,Colombia,Colombia,NA,NA,NA,NA,NA,NA,NA,LA VILLA,AWOO Corp./Sony Music Latin,1,3,18,1662672
Colombia,2026/03/05,marzo_2026,4,Kris R.,Kris R.,NA,NA,NA,NA,NA,NA,NA,NA,NA,Colombia,NA,NA,NA,NA,NA,NA,NA,NA,NA,GANAS,WEA Latina,2,4,7,1555655
Colombia,2026/03/05,marzo_2026,5,"W Sound, Beéle, Ovy On The Drums",W Sound,Beéle,Ovy On The Drums,NA,NA,NA,NA,NA,NA,NA,Colombia,Colombia,Colombia,NA,NA,NA,NA,NA,NA,NA,La Plena - W Sound 05,WEA Latina,1,7,54,1187848
Colombia,2026/03/05,marzo_2026,6,Beéle,Beéle,NA,NA,NA,NA,NA,NA,NA,NA,NA,Colombia,NA,NA,NA,NA,NA,NA,NA,NA,NA,no tiene sentido,5020 Records,2,11,42,1147408
Colombia,2026/03/05,marzo_2026,7,"J Balvin, Ryan Castro, DJ Snake",J Balvin,Ryan Castro,DJ Snake,NA,NA,NA,NA,NA,NA,NA,Colombia,Colombia,Francia,NA,NA,NA,NA,NA,NA,NA,Tonto,Capitol Records,7,-1,1,1138980
Colombia,2026/03/05,marzo_2026,8,Beéle,Beéle,NA,NA,NA,NA,NA,NA,NA,NA,NA,Colombia,NA,NA,NA,NA,NA,NA,NA,NA,NA,quédate,5020 Records,2,6,42,1124708
Colombia,2026/03/05,marzo_2026,9,Grupo Firme,Grupo Firme,NA,NA,NA,NA,NA,NA,NA,NA,NA,Mexico,NA,NA,NA,NA,NA,NA,NA,NA,NA,El Beneficio De La Duda,Music VIP Entertainment Presenta Grupo Firme,3,9,54,1105825
Colombia,2026/03/05,marzo_2026,10,"Yeison Jimenez, Luis Alfonso",Yeison Jimenez,Luis Alfonso,NA,NA,NA,NA,NA,NA,NA,NA,Colombia,Colombia,NA,NA,NA,NA,NA,NA,NA,NA,Destino Final,Yeison Jimenez,1,5,13,1099832
Colombia,2026/03/05,marzo_2026,11,"Blessd, Los Money Makers, Prodmonja",Blessd,Los Money Makers,Prodmonja,NA,NA,NA,NA,NA,NA,NA,Colombia,Colombia,Colombia,NA,NA,NA,NA,NA,NA,NA,NUEVA YORK,WEA Latina,8,8,40,1051785
Colombia,2026/03/05,marzo_2026,12,Blessd,Blessd,NA,NA,NA,NA,NA,NA,NA,NA,NA,Colombia,NA,NA,NA,NA,NA,NA,NA,NA,NA,YOGURCITO,WEA Latina,4,10,79,1046173
Colombia,2026/03/05,marzo_2026,13,"Beéle, Ovy On The Drums",Beéle,Ovy On The Drums,NA,NA,NA,NA,NA,NA,NA,NA,Colombia,Colombia,NA,NA,NA,NA,NA,NA,NA,NA,mi refe,5020 Records,1,15,65,985479
Colombia,2026/03/05,marzo_2026,14,Bad Bunny,Bad Bunny,NA,NA,NA,NA,NA,NA,NA,NA,NA,Puerto Rico,NA,NA,NA,NA,NA,NA,NA,NA,NA,BAILE INoLVIDABLE,Rimas Entertainment LLC.,1,13,61,944937
Colombia,2026/03/05,marzo_2026,15,"Omar Courtz, Ñengo Flow",Omar Courtz,Ñengo Flow,NA,NA,NA,NA,NA,NA,NA,NA,Puerto Rico,Puerto Rico,NA,NA,NA,NA,NA,NA,NA,NA,FOREVER TU GANTEL,Rimas Entertainment LLC.,15,50,2,923751
Colombia,2026/03/05,marzo_2026,16,"Blessd, Ovy On The Drums",Blessd,Ovy On The Drums,NA,NA,NA,NA,NA,NA,NA,NA,Colombia,Colombia,NA,NA,NA,NA,NA,NA,NA,NA,AMISTA,WEA Latina,2,14,45,921870
Colombia,2026/03/05,marzo_2026,17,"Blessd, Anuel AA, Yan Block, Luar La L, Kris R., ROA",Blessd,Anuel AA,Yan Block,Luar La L,Kris R.,ROA,NA,NA,NA,NA,Colombia,Puerto Rico,Puerto Rico,Puerto Rico,Colombia,Puerto Rico,NA,NA,NA,NA,"YOGURCITO REMIX (feat. Kris R., ROA)",WEA Latina,1,17,28,902099
Colombia,2026/03/05,marzo_2026,18,Yeison Jimenez,Yeison Jimenez,NA,NA,NA,NA,NA,NA,NA,NA,NA,Colombia,NA,NA,NA,NA,NA,NA,NA,NA,NA,Por Qué la Envidia,YJ COMPANY,3,19,18,871538
Colombia,2026/03/05,marzo_2026,19,"Fuerza Regida, Grupo Frontera",Fuerza Regida,Grupo Frontera,NA,NA,NA,NA,NA,NA,NA,NA,Mexico,Mexico,NA,NA,NA,NA,NA,NA,NA,NA,COQUETA,Rancho Humilde/Streetmob Records/Grupo Frontera/Sony Music Latin,16,18,44,871350
Colombia,2026/03/05,marzo_2026,20,"Blessd, Ovy On The Drums",Blessd,Ovy On The Drums,NA,NA,NA,NA,NA,NA,NA,NA,Colombia,Colombia,NA,NA,NA,NA,NA,NA,NA,NA,"""EMHDM""",WEA Latina,12,12,2,870491
Colombia,2026/03/05,marzo_2026,21,"Ryan Castro, Dongo",Ryan Castro,Dongo,NA,NA,NA,NA,NA,NA,NA,NA,Colombia,Colombia,NA,NA,NA,NA,NA,NA,NA,NA,SANKA,AWOO Corp./Sony Music Latin,7,23,39,870384
Colombia,2026/03/05,marzo_2026,22,Bad Bunny,Bad Bunny,NA,NA,NA,NA,NA,NA,NA,NA,NA,Puerto Rico,NA,NA,NA,NA,NA,NA,NA,NA,NA,DtMF,Rimas Entertainment LLC.,1,16,61,863486
Colombia,2026/03/05,marzo_2026,23,"Kapo, Ryan Castro",Kapo,Ryan Castro,NA,NA,NA,NA,NA,NA,NA,NA,Colombia,Colombia,NA,NA,NA,NA,NA,NA,NA,NA,DÓNDE,Sony Music Latin/La Industria,13,25,35,856437
Colombia,2026/03/05,marzo_2026,24,"J Balvin, Bad Bunny",J Balvin,Bad Bunny,NA,NA,NA,NA,NA,NA,NA,NA,Colombia,Puerto Rico,NA,NA,NA,NA,NA,NA,NA,NA,LA CANCIÓN,Universal Music Latino / Rimas,2,24,349,822393
Colombia,2026/03/05,marzo_2026,25,Omar Courtz,Omar Courtz,NA,NA,NA,NA,NA,NA,NA,NA,NA,Puerto Rico,NA,NA,NA,NA,NA,NA,NA,NA,NA,POR SI MAÑANA NO ESTOY,Rimas Entertainment LLC.,25,101,2,806198
Colombia,2026/03/05,marzo_2026,26,Arcángel,Arcángel,NA,NA,NA,NA,NA,NA,NA,NA,NA,Puerto Rico,NA,NA,NA,NA,NA,NA,NA,NA,NA,Por Amar A Ciegas,Cinq Recordings,26,65,7,796575
Colombia,2026/03/05,marzo_2026,27,Kapo,Kapo,NA,NA,NA,NA,NA,NA,NA,NA,NA,Colombia,NA,NA,NA,NA,NA,NA,NA,NA,NA,UWAIE,Sony Music Latin/La Industria,1,30,81,795099
Colombia,2026/03/05,marzo_2026,28,Yeison Jimenez,Yeison Jimenez,NA,NA,NA,NA,NA,NA,NA,NA,NA,Colombia,NA,NA,NA,NA,NA,NA,NA,NA,NA,Vete,Yeison Jimenez,10,26,19,794801
Colombia,2026/03/05,marzo_2026,29,Lenin Ramírez,Lenin Ramírez,NA,NA,NA,NA,NA,NA,NA,NA,NA,Mexico,NA,NA,NA,NA,NA,NA,NA,NA,NA,Todo Lo Fue,DEL Records,27,27,4,789203
Colombia,2026/03/05,marzo_2026,30,Bad Bunny,Bad Bunny,NA,NA,NA,NA,NA,NA,NA,NA,NA,Puerto Rico,NA,NA,NA,NA,NA,NA,NA,NA,NA,EoO,Rimas Entertainment LLC.,7,20,61,777344
Colombia,2026/03/05,marzo_2026,31,ARIA VEGA,ARIA VEGA,NA,NA,NA,NA,NA,NA,NA,NA,NA,Colombia,NA,NA,NA,NA,NA,NA,NA,NA,NA,CHÉVERE (joesón_type_beat),Plush Records,12,28,7,772648
Colombia,2026/03/05,marzo_2026,32,"Nanpa Básico, Beéle",Nanpa Básico,Beéle,NA,NA,NA,NA,NA,NA,NA,NA,Colombia,Colombia,NA,NA,NA,NA,NA,NA,NA,NA,Hasta Aquí Llegué,5020 Records,3,29,85,767136
Colombia,2026/03/05,marzo_2026,33,"Ovy On The Drums, Quevedo, Beéle",Ovy On The Drums,Quevedo,Beéle,NA,NA,NA,NA,NA,NA,NA,Colombia,España,Colombia,NA,NA,NA,NA,NA,NA,NA,YO y TÚ,WEA Latina,2,31,38,747831
Colombia,2026/03/05,marzo_2026,34,"Kybba, Sean Paul, Ryan Castro, Busy Signal",Kybba,Sean Paul,Ryan Castro,Busy Signal,NA,NA,NA,NA,NA,NA,Paises Bajos,Jamaica,Colombia,Jamaica,NA,NA,NA,NA,NA,NA,Ba Ba Bad Remix,Basshall,2,33,36,739865
Colombia,2026/03/05,marzo_2026,35,"Héctor ""El Father"", Wisin & Yandel","Héctor ""El Father""",Wisin & Yandel,NA,NA,NA,NA,NA,NA,NA,NA,Puerto Rico,Puerto Rico,NA,NA,NA,NA,NA,NA,NA,NA,El Teléfono,Machete Music,19,37,31,716593
Colombia,2026/03/05,marzo_2026,36,Herencia De Grandes,Herencia De Grandes,NA,NA,NA,NA,NA,NA,NA,NA,NA,Mexico,NA,NA,NA,NA,NA,NA,NA,NA,NA,Ya Borracho,Rancho Humilde,36,44,9,714760
Colombia,2026/03/05,marzo_2026,37,"Yeison Jimenez, Chayín Rubio",Yeison Jimenez,Chayín Rubio,NA,NA,NA,NA,NA,NA,NA,NA,Colombia,Mexico,NA,NA,NA,NA,NA,NA,NA,NA,El Mejor - Remix,Yeison Jimenez,8,32,8,711034
Colombia,2026/03/05,marzo_2026,38,Bad Bunny,Bad Bunny,NA,NA,NA,NA,NA,NA,NA,NA,NA,Puerto Rico,NA,NA,NA,NA,NA,NA,NA,NA,NA,NO ME QUIERO CASAR,Rimas Entertainment LLC,19,34,79,701742
Colombia,2026/03/05,marzo_2026,39,Beéle,Beéle,NA,NA,NA,NA,NA,NA,NA,NA,NA,Colombia,NA,NA,NA,NA,NA,NA,NA,NA,NA,top diesel,5020 Records,3,39,42,688171
Colombia,2026/03/05,marzo_2026,40,"Bad Bunny, Omar Courtz, Dei V",Bad Bunny,Omar Courtz,Dei V,NA,NA,NA,NA,NA,NA,NA,Puerto Rico,Puerto Rico,Puerto Rico,NA,NA,NA,NA,NA,NA,NA,VeLDÁ,Rimas Entertainment LLC.,5,42,61,680800
Colombia,2026/03/05,marzo_2026,41,"Luister La Voz, maikol el insoportable",Luister La Voz,maikol el insoportable,NA,NA,NA,NA,NA,NA,NA,NA,Colombia,Colombia,NA,NA,NA,NA,NA,NA,NA,NA,Ozono,Grupo B Entertainment,41,53,3,678942
Colombia,2026/03/05,marzo_2026,42,Yeison Jimenez,Yeison Jimenez,NA,NA,NA,NA,NA,NA,NA,NA,NA,Colombia,NA,NA,NA,NA,NA,NA,NA,NA,NA,Un Perro Enamorado,YJ COMPANY,21,55,8,668288
Colombia,2026/03/05,marzo_2026,43,Arcángel,Arcángel,NA,NA,NA,NA,NA,NA,NA,NA,NA,Puerto Rico,NA,NA,NA,NA,NA,NA,NA,NA,NA,Pa' Que La Pases Bien,Cinq Recordings,23,72,165,661883
Colombia,2026/03/05,marzo_2026,44,"El Bogueto, Yung Beef",El Bogueto,Yung Beef,NA,NA,NA,NA,NA,NA,NA,NA,Mexico,España,NA,NA,NA,NA,NA,NA,NA,NA,Cuando No Era Cantante,Candela Music,22,51,18,660043
Colombia,2026/03/05,marzo_2026,45,"Bad Bunny, Ozuna, Farruko, Arcángel, Ñengo Flow, DJ Luian, Mambo Kingz",Bad Bunny,Ozuna,Farruko,Arcángel,Ñengo Flow,DJ Luian,Mambo Kingz,NA,NA,NA,Puerto Rico,Puerto Rico,Puerto Rico,Puerto Rico,Puerto Rico,Puerto Rico,Puerto Rico,NA,NA,NA,Diles,Rimas Entertainment LLC,20,38,300,659861
Colombia,2026/03/05,marzo_2026,46,Bad Bunny,Bad Bunny,NA,NA,NA,NA,NA,NA,NA,NA,NA,Puerto Rico,NA,NA,NA,NA,NA,NA,NA,NA,NA,VOY A LLeVARTE PA PR,Rimas Entertainment LLC.,4,47,61,653297
Colombia,2026/03/05,marzo_2026,47,Arcángel,Arcángel,NA,NA,NA,NA,NA,NA,NA,NA,NA,Puerto Rico,NA,NA,NA,NA,NA,NA,NA,NA,NA,Hace Mucho Tiempo,Pina Records,47,71,122,652301
Colombia,2026/03/05,marzo_2026,48,"Feid, ATL Jacob",Feid,ATL Jacob,NA,NA,NA,NA,NA,NA,NA,NA,Colombia,Estados Unidos,NA,NA,NA,NA,NA,NA,NA,NA,LUNA,UMLE - Latino,1,46,118,650903
Colombia,2026/03/05,marzo_2026,49,"El Bogueto, Anuel AA, Fuerza Regida, Yung Beef",El Bogueto,Anuel AA,Fuerza Regida,Yung Beef,NA,NA,NA,NA,NA,NA,Mexico,Puerto Rico,Mexico,España,NA,NA,NA,NA,NA,NA,Cuando No Era Cantante - Remix,El Bogueto,36,52,12,646278
Colombia,2026/03/05,marzo_2026,50,Kris R.,Kris R.,NA,NA,NA,NA,NA,NA,NA,NA,NA,Colombia,NA,NA,NA,NA,NA,NA,NA,NA,NA,MIL D AURA,WEA Latina,21,21,3,645266
Colombia,2026/04/09,abril_2026,1,"W Sound, Kris R., Ovy On The Drums",W Sound,Kris R.,Ovy On The Drums,NA,NA,NA,NA,NA,NA,NA,Colombia,Colombia,Colombia,NA,NA,NA,NA,NA,NA,NA,Pico Y Chao (W Sound 08),WEA Latina,1,2,5,1987809
Colombia,2026/04/09,abril_2026,2,BTS,BTS,NA,NA,NA,NA,NA,NA,NA,NA,NA,Corea del Sur,NA,NA,NA,NA,NA,NA,NA,NA,NA,SWIM,BIGHIT MUSIC,1,1,3,1455976
Colombia,2026/04/09,abril_2026,3,"Mr Plata, El Americano 4KT",Mr Plata,El Americano 4KT,NA,NA,NA,NA,NA,NA,NA,NA,Colombia,Colombia,NA,NA,NA,NA,NA,NA,NA,NA,Las Muñequitas,Universal Music Colombia S.A.S.,1,3,14,1437153
Colombia,2026/04/09,abril_2026,4,"Kris R., GeezyDee",Kris R.,GeezyDee,NA,NA,NA,NA,NA,NA,NA,NA,Colombia,Colombia,NA,NA,NA,NA,NA,NA,NA,NA,TUKI TUKI,WEA Latina,4,7,4,1410430
Colombia,2026/04/09,abril_2026,5,"ARIA VEGA, Ryan Castro",ARIA VEGA,Ryan Castro,NA,NA,NA,NA,NA,NA,NA,NA,Colombia,Colombia,NA,NA,NA,NA,NA,NA,NA,NA,CHÉVERE (premium_remix),WEA Latina,2,4,8,1399758
Colombia,2026/04/09,abril_2026,6,Kris R.,Kris R.,NA,NA,NA,NA,NA,NA,NA,NA,NA,Colombia,NA,NA,NA,NA,NA,NA,NA,NA,NA,GANAS,WEA Latina,2,5,12,1381572
Colombia,2026/04/09,abril_2026,7,"Blessd, Los Money Makers, Prodmonja",Blessd,Los Money Makers,Prodmonja,NA,NA,NA,NA,NA,NA,NA,Colombia,Colombia,Colombia,NA,NA,NA,NA,NA,NA,NA,NUEVA YORK,WEA Latina,7,8,45,1217548
Colombia,2026/04/09,abril_2026,8,"Ryan Castro, Kapo, Gangsta",Ryan Castro,Kapo,Gangsta,NA,NA,NA,NA,NA,NA,NA,Colombia,Colombia,Colombia,NA,NA,NA,NA,NA,NA,NA,LA VILLA,AWOO Corp./Sony Music Latin,1,6,23,1153357
Colombia,2026/04/09,abril_2026,9,"W Sound, Beéle, Ovy On The Drums",W Sound,Beéle,Ovy On The Drums,NA,NA,NA,NA,NA,NA,NA,Colombia,Colombia,Colombia,NA,NA,NA,NA,NA,NA,NA,La Plena - W Sound 05,WEA Latina,1,9,59,1008305
Colombia,2026/04/09,abril_2026,10,Lenin Ramírez,Lenin Ramírez,NA,NA,NA,NA,NA,NA,NA,NA,NA,Mexico,NA,NA,NA,NA,NA,NA,NA,NA,NA,Todo Lo Fue,DEL Records,10,10,9,999500
Colombia,2026/04/09,abril_2026,11,Omar Courtz,Omar Courtz,NA,NA,NA,NA,NA,NA,NA,NA,NA,Puerto Rico,NA,NA,NA,NA,NA,NA,NA,NA,NA,KOKO,Rimas Entertainment LLC.,11,21,6,959438
Colombia,2026/04/09,abril_2026,12,Beéle,Beéle,NA,NA,NA,NA,NA,NA,NA,NA,NA,Colombia,NA,NA,NA,NA,NA,NA,NA,NA,NA,no tiene sentido,5020 Records,2,13,47,889692
Colombia,2026/04/09,abril_2026,13,Grupo Firme,Grupo Firme,NA,NA,NA,NA,NA,NA,NA,NA,NA,Mexico,NA,NA,NA,NA,NA,NA,NA,NA,NA,El Beneficio De La Duda,Music VIP Entertainment Presenta Grupo Firme,3,11,59,879758
Colombia,2026/04/09,abril_2026,14,"Yeison Jimenez, Luis Alfonso",Yeison Jimenez,Luis Alfonso,NA,NA,NA,NA,NA,NA,NA,NA,Colombia,Colombia,NA,NA,NA,NA,NA,NA,NA,NA,Destino Final,Yeison Jimenez,1,12,18,871737
Colombia,2026/04/09,abril_2026,15,Blessd,Blessd,NA,NA,NA,NA,NA,NA,NA,NA,NA,Colombia,NA,NA,NA,NA,NA,NA,NA,NA,NA,YOGURCITO,WEA Latina,4,15,84,850796
Colombia,2026/04/09,abril_2026,16,Beéle,Beéle,NA,NA,NA,NA,NA,NA,NA,NA,NA,Colombia,NA,NA,NA,NA,NA,NA,NA,NA,NA,quédate,5020 Records,2,14,47,847888
Colombia,2026/04/09,abril_2026,17,"Blessd, Ovy On The Drums",Blessd,Ovy On The Drums,NA,NA,NA,NA,NA,NA,NA,NA,Colombia,Colombia,NA,NA,NA,NA,NA,NA,NA,NA,AMISTA,WEA Latina,2,16,50,824864
Colombia,2026/04/09,abril_2026,18,Luister La Voz,Luister La Voz,NA,NA,NA,NA,NA,NA,NA,NA,NA,Colombia,NA,NA,NA,NA,NA,NA,NA,NA,NA,La María,Dinastia INC,17,17,3,780165
Colombia,2026/04/09,abril_2026,19,Kris R.,Kris R.,NA,NA,NA,NA,NA,NA,NA,NA,NA,Colombia,NA,NA,NA,NA,NA,NA,NA,NA,NA,PH,WEA Latina,18,22,4,762189
Colombia,2026/04/09,abril_2026,20,"Fuerza Regida, Grupo Frontera",Fuerza Regida,Grupo Frontera,NA,NA,NA,NA,NA,NA,NA,NA,Mexico,Mexico,NA,NA,NA,NA,NA,NA,NA,NA,COQUETA,Rancho Humilde/Streetmob Records/Grupo Frontera/Sony Music Latin,16,18,49,742991
Colombia,2026/04/09,abril_2026,21,Feid,Feid,NA,NA,NA,NA,NA,NA,NA,NA,NA,Colombia,NA,NA,NA,NA,NA,NA,NA,NA,NA,Que vuelta vox,Universal Music Latino/ Grabaciones Los Poderosos,21,25,3,707923
Colombia,2026/04/09,abril_2026,22,Kapo,Kapo,NA,NA,NA,NA,NA,NA,NA,NA,NA,Colombia,NA,NA,NA,NA,NA,NA,NA,NA,NA,UWAIE,Sony Music Latin/La Industria,1,30,86,674107
Colombia,2026/04/09,abril_2026,23,Herencia De Grandes,Herencia De Grandes,NA,NA,NA,NA,NA,NA,NA,NA,NA,Mexico,NA,NA,NA,NA,NA,NA,NA,NA,NA,Ya Borracho,Rancho Humilde,23,29,14,670403
Colombia,2026/04/09,abril_2026,24,"Kapo, Ryan Castro",Kapo,Ryan Castro,NA,NA,NA,NA,NA,NA,NA,NA,Colombia,Colombia,NA,NA,NA,NA,NA,NA,NA,NA,DÓNDE,Sony Music Latin/La Industria,13,28,40,667122
Colombia,2026/04/09,abril_2026,25,Bad Bunny,Bad Bunny,NA,NA,NA,NA,NA,NA,NA,NA,NA,Puerto Rico,NA,NA,NA,NA,NA,NA,NA,NA,NA,BAILE INoLVIDABLE,Rimas Entertainment LLC.,1,24,66,663059
Colombia,2026/04/09,abril_2026,26,Omar Courtz,Omar Courtz,NA,NA,NA,NA,NA,NA,NA,NA,NA,Puerto Rico,NA,NA,NA,NA,NA,NA,NA,NA,NA,POR SI MAÑANA NO ESTOY,Rimas Entertainment LLC.,25,52,7,660076
Colombia,2026/04/09,abril_2026,27,"Blessd, Anuel AA, Yan Block, Luar La L, Kris R., ROA",Blessd,Anuel AA,Yan Block,Luar La L,Kris R.,ROA,NA,NA,NA,NA,Colombia,Puerto Rico,Puerto Rico,Puerto Rico,Colombia,Puerto Rico,NA,NA,NA,NA,"YOGURCITO REMIX (feat. Kris R., ROA)",WEA Latina,1,20,33,651149
Colombia,2026/04/09,abril_2026,28,"Beéle, Ovy On The Drums",Beéle,Ovy On The Drums,NA,NA,NA,NA,NA,NA,NA,NA,Colombia,Colombia,NA,NA,NA,NA,NA,NA,NA,NA,mi refe,5020 Records,1,19,70,642019
Colombia,2026/04/09,abril_2026,29,"Luister La Voz, maikol el insoportable",Luister La Voz,maikol el insoportable,NA,NA,NA,NA,NA,NA,NA,NA,Colombia,Colombia,NA,NA,NA,NA,NA,NA,NA,NA,Ozono,Grupo B Entertainment,29,32,8,641264
Colombia,2026/04/09,abril_2026,30,"Nanpa Básico, Beéle",Nanpa Básico,Beéle,NA,NA,NA,NA,NA,NA,NA,NA,Colombia,Colombia,NA,NA,NA,NA,NA,NA,NA,NA,Hasta Aquí Llegué,5020 Records,3,37,90,634423
Colombia,2026/04/09,abril_2026,31,"J Balvin, Bad Bunny",J Balvin,Bad Bunny,NA,NA,NA,NA,NA,NA,NA,NA,Colombia,Puerto Rico,NA,NA,NA,NA,NA,NA,NA,NA,LA CANCIÓN,Universal Music Latino / Rimas,2,31,354,633248
Colombia,2026/04/09,abril_2026,32,"Feid, ATL Jacob",Feid,ATL Jacob,NA,NA,NA,NA,NA,NA,NA,NA,Colombia,Estados Unidos,NA,NA,NA,NA,NA,NA,NA,NA,LUNA,UMLE - Latino,1,34,123,628868
Colombia,2026/04/09,abril_2026,33,Lil Naay,Lil Naay,NA,NA,NA,NA,NA,NA,NA,NA,NA,Republica Dominicana,NA,NA,NA,NA,NA,NA,NA,NA,NA,UNA BABY EN SANTIAGO,1844,33,79,4,628176
Colombia,2026/04/09,abril_2026,34,"Ryan Castro, Dongo",Ryan Castro,Dongo,NA,NA,NA,NA,NA,NA,NA,NA,Colombia,Colombia,NA,NA,NA,NA,NA,NA,NA,NA,SANKA,AWOO Corp./Sony Music Latin,7,26,44,627639
Colombia,2026/04/09,abril_2026,35,"Blessd, Los Money Makers, Prodmonja",Blessd,Los Money Makers,Prodmonja,NA,NA,NA,NA,NA,NA,NA,Colombia,Colombia,Colombia,NA,NA,NA,NA,NA,NA,NA,URUS BLUE,WEA Latina,22,33,45,612978
Colombia,2026/04/09,abril_2026,36,"Blessd, Ovy On The Drums",Blessd,Ovy On The Drums,NA,NA,NA,NA,NA,NA,NA,NA,Colombia,Colombia,NA,NA,NA,NA,NA,NA,NA,NA,"""EMHDM""",WEA Latina,12,56,7,594417
Colombia,2026/04/09,abril_2026,37,Bad Bunny,Bad Bunny,NA,NA,NA,NA,NA,NA,NA,NA,NA,Puerto Rico,NA,NA,NA,NA,NA,NA,NA,NA,NA,DtMF,Rimas Entertainment LLC.,1,42,66,589687
Colombia,2026/04/09,abril_2026,38,BTS,BTS,NA,NA,NA,NA,NA,NA,NA,NA,NA,Corea del Sur,NA,NA,NA,NA,NA,NA,NA,NA,NA,Body to Body,BIGHIT MUSIC,10,27,3,581719
Colombia,2026/04/09,abril_2026,39,"Héctor ""El Father"", Wisin & Yandel","Héctor ""El Father""",Wisin & Yandel,NA,NA,NA,NA,NA,NA,NA,NA,Puerto Rico,Puerto Rico,NA,NA,NA,NA,NA,NA,NA,NA,El Teléfono,Machete Music,19,40,36,576015
Colombia,2026/04/09,abril_2026,40,Yeison Jimenez,Yeison Jimenez,NA,NA,NA,NA,NA,NA,NA,NA,NA,Colombia,NA,NA,NA,NA,NA,NA,NA,NA,NA,Por Qué la Envidia,YJ COMPANY,3,23,23,575859
Colombia,2026/04/09,abril_2026,41,Plan B,Plan B,NA,NA,NA,NA,NA,NA,NA,NA,NA,Puerto Rico,NA,NA,NA,NA,NA,NA,NA,NA,NA,Es un Secreto,Pina Records,18,38,271,564148
Colombia,2026/04/09,abril_2026,42,Beéle,Beéle,NA,NA,NA,NA,NA,NA,NA,NA,NA,Colombia,NA,NA,NA,NA,NA,NA,NA,NA,NA,top diesel,5020 Records,3,50,47,555823
Colombia,2026/04/09,abril_2026,43,"Omar Courtz, Ñengo Flow",Omar Courtz,Ñengo Flow,NA,NA,NA,NA,NA,NA,NA,NA,Puerto Rico,Puerto Rico,NA,NA,NA,NA,NA,NA,NA,NA,FOREVER TU GANTEL,Rimas Entertainment LLC.,15,46,7,549523
Colombia,2026/04/09,abril_2026,44,BTS,BTS,NA,NA,NA,NA,NA,NA,NA,NA,NA,Corea del Sur,NA,NA,NA,NA,NA,NA,NA,NA,NA,Hooligan,BIGHIT MUSIC,18,35,3,543507
Colombia,2026/04/09,abril_2026,45,BTS,BTS,NA,NA,NA,NA,NA,NA,NA,NA,NA,Corea del Sur,NA,NA,NA,NA,NA,NA,NA,NA,NA,2.0,BIGHIT MUSIC,26,49,3,542905
Colombia,2026/04/09,abril_2026,46,"Ovy On The Drums, Quevedo, Beéle",Ovy On The Drums,Quevedo,Beéle,NA,NA,NA,NA,NA,NA,NA,Colombia,España,Colombia,NA,NA,NA,NA,NA,NA,NA,YO y TÚ,WEA Latina,2,45,43,542414
Colombia,2026/04/09,abril_2026,47,"El Bogueto, Anuel AA, Fuerza Regida, Yung Beef",El Bogueto,Anuel AA,Fuerza Regida,Yung Beef,NA,NA,NA,NA,NA,NA,Mexico,Puerto Rico,Mexico,España,NA,NA,NA,NA,NA,NA,Cuando No Era Cantante - Remix,El Bogueto,36,57,16,541937
Colombia,2026/04/09,abril_2026,48,Danny Ocean,Danny Ocean,NA,NA,NA,NA,NA,NA,NA,NA,NA,Venezuela,NA,NA,NA,NA,NA,NA,NA,NA,NA,Me Rehúso,Atlantic Records,1,78,482,536323
Colombia,2026/04/09,abril_2026,49,"J Balvin, Ryan Castro",J Balvin,Ryan Castro,NA,NA,NA,NA,NA,NA,NA,NA,Colombia,Colombia,NA,NA,NA,NA,NA,NA,NA,NA,Pal Agua,Capitol Records,49,82,2,533153
Colombia,2026/04/09,abril_2026,50,Yeison Jimenez,Yeison Jimenez,NA,NA,NA,NA,NA,NA,NA,NA,NA,Colombia,NA,NA,NA,NA,NA,NA,NA,NA,NA,Vete,Yeison Jimenez,10,36,24,529107
Mexico,2025/11/06,noviembre_2025,1,"El Bogueto, Yung Beef",El Bogueto,Yung Beef,NA,NA,NA,NA,NA,NA,NA,NA,Mexico,España,NA,NA,NA,NA,NA,NA,NA,NA,Cuando No Era Cantante,Candela Music,1,2,45,8582263
Mexico,2025/11/06,noviembre_2025,2,"Omar Camacho, Victor Mendivil",Omar Camacho,Victor Mendivil,NA,NA,NA,NA,NA,NA,NA,NA,Mexico,Mexico,NA,NA,NA,NA,NA,NA,NA,NA,2+2,Rico o Muerto by Baja Sound LLC,1,1,19,7952218
Mexico,2025/11/06,noviembre_2025,3,Fuerza Regida,Fuerza Regida,NA,NA,NA,NA,NA,NA,NA,NA,NA,Mexico,NA,NA,NA,NA,NA,NA,NA,NA,NA,Marlboro Rojo,Rancho Humilde/Street Mob Records/Sony Music Latin,1,3,27,7244467
Mexico,2025/11/06,noviembre_2025,4,Fuerza Regida,Fuerza Regida,NA,NA,NA,NA,NA,NA,NA,NA,NA,Mexico,NA,NA,NA,NA,NA,NA,NA,NA,NA,TU SANCHO,Rancho Humilde/Street Mob Records/Sony Music Latin,1,4,27,7177253
Mexico,2025/11/06,noviembre_2025,5,Calle 24,Calle 24,NA,NA,NA,NA,NA,NA,NA,NA,NA,Mexico,NA,NA,NA,NA,NA,NA,NA,NA,NA,SUIZA,WEA Latina,4,13,28,6293708
Mexico,2025/11/06,noviembre_2025,6,"Natanael Cano, Gabito Ballesteros",Natanael Cano,Gabito Ballesteros,NA,NA,NA,NA,NA,NA,NA,NA,Mexico,Mexico,NA,NA,NA,NA,NA,NA,NA,NA,Perlas Negras,WEA Latina,1,5,19,6110248
Mexico,2025/11/06,noviembre_2025,7,Fuerza Regida,Fuerza Regida,NA,NA,NA,NA,NA,NA,NA,NA,NA,Mexico,NA,NA,NA,NA,NA,NA,NA,NA,NA,CHAVALITAS,Rancho Humilde/Street Mob Records/Sony Music Latin,7,10,21,6091722
Mexico,2025/11/06,noviembre_2025,8,Tito Double P,Tito Double P,NA,NA,NA,NA,NA,NA,NA,NA,NA,Mexico,NA,NA,NA,NA,NA,NA,NA,NA,NA,POR SUS BESOS,Double P Records,1,6,17,5333287
Mexico,2025/11/06,noviembre_2025,9,Neton Vega,Neton Vega,NA,NA,NA,NA,NA,NA,NA,NA,NA,Mexico,NA,NA,NA,NA,NA,NA,NA,NA,NA,Pvta Luna,Josa Records (Neton Vega),9,19,6,5297057
Mexico,2025/11/06,noviembre_2025,10,"Luis R Conriquez, Fuerza Regida, Neton Vega",Luis R Conriquez,Fuerza Regida,Neton Vega,NA,NA,NA,NA,NA,NA,NA,Mexico,Mexico,Mexico,NA,NA,NA,NA,NA,NA,NA,Chula Vente,K Music/Sony Music Latin,2,8,15,5210024
Mexico,2025/11/06,noviembre_2025,11,Junior H,Junior H,NA,NA,NA,NA,NA,NA,NA,NA,NA,Mexico,NA,NA,NA,NA,NA,NA,NA,NA,NA,MIENTRAS DUERMES,WEA Latina,9,9,52,5115402
Mexico,2025/11/06,noviembre_2025,12,"Omar Camacho, Oscar Maydon",Omar Camacho,Oscar Maydon,NA,NA,NA,NA,NA,NA,NA,NA,Mexico,Mexico,NA,NA,NA,NA,NA,NA,NA,NA,La Ciudad del Sol,Rico o Muerto by Baja Sound LLC,11,12,11,4743552
Mexico,2025/11/06,noviembre_2025,13,Victor Mendivil,Victor Mendivil,NA,NA,NA,NA,NA,NA,NA,NA,NA,Mexico,NA,NA,NA,NA,NA,NA,NA,NA,NA,Orula,Rico o Muerto by Baja Sound LLC,1,7,5,4571399
Mexico,2025/11/06,noviembre_2025,14,Fuerza Regida,Fuerza Regida,NA,NA,NA,NA,NA,NA,NA,NA,NA,Mexico,NA,NA,NA,NA,NA,NA,NA,NA,NA,ANSIEDAD,Rancho Humilde/Street Mob Records/Sony Music Latin,7,14,27,4554811
Mexico,2025/11/06,noviembre_2025,15,Los Dareyes De La Sierra,Los Dareyes De La Sierra,NA,NA,NA,NA,NA,NA,NA,NA,NA,Mexico,NA,NA,NA,NA,NA,NA,NA,NA,NA,Frecuencia,Double P Records,3,15,21,4186327
Mexico,2025/11/06,noviembre_2025,16,"Victor Mendivil, Neton Vega",Victor Mendivil,Neton Vega,NA,NA,NA,NA,NA,NA,NA,NA,Mexico,Mexico,NA,NA,NA,NA,NA,NA,NA,NA,King of Watches,Rico o Muerto by Baja Sound LLC,11,11,15,4179278
Mexico,2025/11/06,noviembre_2025,17,Junior H,Junior H,NA,NA,NA,NA,NA,NA,NA,NA,NA,Mexico,NA,NA,NA,NA,NA,NA,NA,NA,NA,LAS NOCHES,WEA Latina,16,16,22,4161138
Mexico,2025/11/06,noviembre_2025,18,Junior H,Junior H,NA,NA,NA,NA,NA,NA,NA,NA,NA,Mexico,NA,NA,NA,NA,NA,NA,NA,NA,NA,PIÉNSALO,WEA Latina,9,20,71,3949220
Mexico,2025/11/06,noviembre_2025,19,"Oscar Maydon, Fuerza Regida",Oscar Maydon,Fuerza Regida,NA,NA,NA,NA,NA,NA,NA,NA,Mexico,Mexico,NA,NA,NA,NA,NA,NA,NA,NA,Tu Boda,Rancho Humilde/Sony Music Latin,1,17,58,3923416
Mexico,2025/11/06,noviembre_2025,20,La Arrolladora Banda El Limón De Rene Camacho,La Arrolladora Banda El Limón De Rene Camacho,NA,NA,NA,NA,NA,NA,NA,NA,NA,Mexico,NA,NA,NA,NA,NA,NA,NA,NA,NA,El Final De Nuestra Historia,Universal Music Mexico,16,22,125,3810323
Mexico,2025/11/06,noviembre_2025,21,"Neton Vega, Peso Pluma",Neton Vega,Peso Pluma,NA,NA,NA,NA,NA,NA,NA,NA,Mexico,Mexico,NA,NA,NA,NA,NA,NA,NA,NA,Morena,Josa Records,1,18,38,3767901
Mexico,2025/11/06,noviembre_2025,22,Junior H,Junior H,NA,NA,NA,NA,NA,NA,NA,NA,NA,Mexico,NA,NA,NA,NA,NA,NA,NA,NA,NA,Y LLORO,WEA Latina,5,23,109,3722715
Mexico,2025/11/06,noviembre_2025,23,"Xavi, Grupo Frontera",Xavi,Grupo Frontera,NA,NA,NA,NA,NA,NA,NA,NA,Estados Unidos,Mexico,NA,NA,NA,NA,NA,NA,NA,NA,No Capea,Interscope Records,17,21,9,3678402
Mexico,2025/11/06,noviembre_2025,24,Victor Mendivil,Victor Mendivil,NA,NA,NA,NA,NA,NA,NA,NA,NA,Mexico,NA,NA,NA,NA,NA,NA,NA,NA,NA,GOET,Rico o Muerto by Baja Sound LLC,24,28,73,3610363
Mexico,2025/11/06,noviembre_2025,25,Natanael Cano,Natanael Cano,NA,NA,NA,NA,NA,NA,NA,NA,NA,Mexico,NA,NA,NA,NA,NA,NA,NA,NA,NA,Blancanieves,WEA Latina,6,35,20,3575784
Mexico,2025/11/06,noviembre_2025,26,"Fuerza Regida, Grupo Frontera",Fuerza Regida,Grupo Frontera,NA,NA,NA,NA,NA,NA,NA,NA,Mexico,Mexico,NA,NA,NA,NA,NA,NA,NA,NA,COQUETA,Rancho Humilde/Streetmob Records/Grupo Frontera/Sony Music Latin,15,26,46,3524062
Mexico,2025/11/06,noviembre_2025,27,"Victor Mendivil, $HUPE",Victor Mendivil,$HUPE,NA,NA,NA,NA,NA,NA,NA,NA,Mexico,Mexico,NA,NA,NA,NA,NA,NA,NA,NA,PLAK,Rico o Muerto by Baja Sound LLC,17,24,15,3498625
Mexico,2025/11/06,noviembre_2025,28,"Jimmy Guzman, Omar Camacho",Jimmy Guzman,Omar Camacho,NA,NA,NA,NA,NA,NA,NA,NA,Mexico,Mexico,NA,NA,NA,NA,NA,NA,NA,NA,1899/12/30 03:00:00,Lumbre Music,20,25,14,3497726
Mexico,2025/11/06,noviembre_2025,29,"Peso Pluma, Estevan Plazola",Peso Pluma,Estevan Plazola,NA,NA,NA,NA,NA,NA,NA,NA,Mexico,Mexico,NA,NA,NA,NA,NA,NA,NA,NA,HOLLYWOOD,2024 Double P Records,16,30,72,3460115
Mexico,2025/11/06,noviembre_2025,30,Fuerza Regida,Fuerza Regida,NA,NA,NA,NA,NA,NA,NA,NA,NA,Mexico,NA,NA,NA,NA,NA,NA,NA,NA,NA,caperuza,Rancho Humilde/Street Mob Records/Sony Music Latin,29,29,27,3453870
Mexico,2025/11/06,noviembre_2025,31,"Oscar Maydon, Neton Vega",Oscar Maydon,Neton Vega,NA,NA,NA,NA,NA,NA,NA,NA,Mexico,Mexico,NA,NA,NA,NA,NA,NA,NA,NA,Amigos? No.,Rancho Humilde/Sony Music Latin,4,46,35,3401590
Mexico,2025/11/06,noviembre_2025,32,"Rauw Alejandro, Bad Bunny",Rauw Alejandro,Bad Bunny,NA,NA,NA,NA,NA,NA,NA,NA,Puerto Rico,Puerto Rico,NA,NA,NA,NA,NA,NA,NA,NA,Qué Pasaría...,Sony Music Latin/Duars Entertainment,9,31,51,3314768
Mexico,2025/11/06,noviembre_2025,33,Junior H,Junior H,NA,NA,NA,NA,NA,NA,NA,NA,NA,Mexico,NA,NA,NA,NA,NA,NA,NA,NA,NA,Extssy Model,WEA Latina,23,32,160,3294375
Mexico,2025/11/06,noviembre_2025,34,"Xavi, Manuel Turizo",Xavi,Manuel Turizo,NA,NA,NA,NA,NA,NA,NA,NA,Estados Unidos,Colombia,NA,NA,NA,NA,NA,NA,NA,NA,En Privado,Interscope Records,14,27,39,3249352
Mexico,2025/11/06,noviembre_2025,35,"Chuyin, Jorsshh, Calle 24",Chuyin,Jorsshh,Calle 24,NA,NA,NA,NA,NA,NA,NA,Mexico,Mexico,Mexico,NA,NA,NA,NA,NA,NA,NA,AMANECIDO Y REGAÑADO,Streetmob Records,35,-1,1,3195352
Mexico,2025/11/06,noviembre_2025,36,"Victor Mendivil, Oscar Maydon",Victor Mendivil,Oscar Maydon,NA,NA,NA,NA,NA,NA,NA,NA,Mexico,Mexico,NA,NA,NA,NA,NA,NA,NA,NA,Me Paseo,Rico o Muerto by Baja Sound LLC,30,40,15,3181736
Mexico,2025/11/06,noviembre_2025,37,"Alemán, Neton Vega",Alemán,Neton Vega,NA,NA,NA,NA,NA,NA,NA,NA,Mexico,Mexico,NA,NA,NA,NA,NA,NA,NA,NA,Te Quería Ver,HOMEGROWN MAFIA S.A. DE C.V./Sony Music México-Latin,1,62,40,3014087
Mexico,2025/11/06,noviembre_2025,38,"Los Dareyes De La Sierra, Tito Double P",Los Dareyes De La Sierra,Tito Double P,NA,NA,NA,NA,NA,NA,NA,NA,Mexico,Mexico,NA,NA,NA,NA,NA,NA,NA,NA,Vita Fer,Double P Records,2,33,32,2993032
Mexico,2025/11/06,noviembre_2025,39,"Tito Double P, Peso Pluma",Tito Double P,Peso Pluma,NA,NA,NA,NA,NA,NA,NA,NA,Mexico,Mexico,NA,NA,NA,NA,NA,NA,NA,NA,DOS DÍAS,2024 Double P Records,2,39,63,2985446
Mexico,2025/11/06,noviembre_2025,40,Junior H,Junior H,NA,NA,NA,NA,NA,NA,NA,NA,NA,Mexico,NA,NA,NA,NA,NA,NA,NA,NA,NA,TRES BOTELLAS,WEA Latina,26,36,109,2926391
Mexico,2025/11/06,noviembre_2025,41,"Tito Double P, Junior H",Tito Double P,Junior H,NA,NA,NA,NA,NA,NA,NA,NA,Mexico,Mexico,NA,NA,NA,NA,NA,NA,NA,NA,2026/07/05,2024 Double P Records,10,37,63,2926305
Mexico,2025/11/06,noviembre_2025,42,Fuerza Regida,Fuerza Regida,NA,NA,NA,NA,NA,NA,NA,NA,NA,Mexico,NA,NA,NA,NA,NA,NA,NA,NA,NA,Por Esos Ojos,Rancho Humilde/Street Mob Records/Sony Music Latin,3,34,39,2900963
Mexico,2025/11/06,noviembre_2025,43,"Young Cister, Kreamly",Young Cister,Kreamly,NA,NA,NA,NA,NA,NA,NA,NA,Chile,Chile,NA,NA,NA,NA,NA,NA,NA,NA,QLOO*,Sony Music Entertainment Chile S.A,23,42,14,2893796
Mexico,2025/11/06,noviembre_2025,44,"Clave Especial, Fuerza Regida",Clave Especial,Fuerza Regida,NA,NA,NA,NA,NA,NA,NA,NA,Mexico,Mexico,NA,NA,NA,NA,NA,NA,NA,NA,COMO CAPO,WEA Latina,5,72,37,2825669
Mexico,2025/11/06,noviembre_2025,45,"HUNTR/X, EJAE, AUDREY NUNA, REI AMI, KPop Demon Hunters Cast",HUNTR/X,EJAE,AUDREY NUNA,REI AMI,KPop Demon Hunters Cast,NA,NA,NA,NA,NA,Estados Unidos,Estados Unidos,Estados Unidos,Corea del Sur,Estados Unidos,NA,NA,NA,NA,NA,Golden,K-Pop Demon Hunters,45,50,19,2796068
Mexico,2025/11/06,noviembre_2025,46,Taylor Swift,Taylor Swift,NA,NA,NA,NA,NA,NA,NA,NA,NA,Estados Unidos,NA,NA,NA,NA,NA,NA,NA,NA,NA,The Fate of Ophelia,Taylor Swift,12,41,5,2770835
Mexico,2025/11/06,noviembre_2025,47,"Victor Mendivil, Oscar Maydon",Victor Mendivil,Oscar Maydon,NA,NA,NA,NA,NA,NA,NA,NA,Mexico,Mexico,NA,NA,NA,NA,NA,NA,NA,NA,Mejores Jordans 2,Rico o Muerto by Baja Sound LLC,14,69,7,2724363
Mexico,2025/11/06,noviembre_2025,48,"Banda MS de Sergio Lizárraga, Fuerza Regida",Banda MS de Sergio Lizárraga,Fuerza Regida,NA,NA,NA,NA,NA,NA,NA,NA,Mexico,Mexico,NA,NA,NA,NA,NA,NA,NA,NA,Seguro Le Dolió,Lizos Music,27,49,7,2709314
Mexico,2025/11/06,noviembre_2025,49,Rels B,Rels B,NA,NA,NA,NA,NA,NA,NA,NA,NA,España,NA,NA,NA,NA,NA,NA,NA,NA,NA,TU VAS SIN (fav),DALE PLAY Records / Flakk Team,10,38,18,2690128
Mexico,2025/11/06,noviembre_2025,50,Emmanuel Cortes,Emmanuel Cortes,NA,NA,NA,NA,NA,NA,NA,NA,NA,Mexico,NA,NA,NA,NA,NA,NA,NA,NA,NA,Amor,RC Music,20,43,73,2664240
Mexico,2025/12/04,diciembre_2025,1,"El Bogueto, Yung Beef",El Bogueto,Yung Beef,NA,NA,NA,NA,NA,NA,NA,NA,Mexico,España,NA,NA,NA,NA,NA,NA,NA,NA,Cuando No Era Cantante,,1,1,49,9713802
Mexico,2025/12/04,diciembre_2025,2,Fuerza Regida,Fuerza Regida,NA,NA,NA,NA,NA,NA,NA,NA,NA,Mexico,NA,NA,NA,NA,NA,NA,NA,NA,NA,Marlboro Rojo,,1,3,31,8792411
Mexico,2025/12/04,diciembre_2025,3,Fuerza Regida,Fuerza Regida,NA,NA,NA,NA,NA,NA,NA,NA,NA,Mexico,NA,NA,NA,NA,NA,NA,NA,NA,NA,TU SANCHO,,1,6,31,8704014
Mexico,2025/12/04,diciembre_2025,4,"Omar Camacho, Victor Mendivil",Omar Camacho,Victor Mendivil,NA,NA,NA,NA,NA,NA,NA,NA,Mexico,Mexico,NA,NA,NA,NA,NA,NA,NA,NA,2+2,,1,7,23,7985812
Mexico,2025/12/04,diciembre_2025,5,Fuerza Regida,Fuerza Regida,NA,NA,NA,NA,NA,NA,NA,NA,NA,Mexico,NA,NA,NA,NA,NA,NA,NA,NA,NA,CHAVALITAS,,2,2,25,7981668
Mexico,2025/12/04,diciembre_2025,6,Herencia De Grandes,Herencia De Grandes,NA,NA,NA,NA,NA,NA,NA,NA,NA,Mexico,NA,NA,NA,NA,NA,NA,NA,NA,NA,Ya Borracho,,4,4,3,7383505
Mexico,2025/12/04,diciembre_2025,7,Neton Vega,Neton Vega,NA,NA,NA,NA,NA,NA,NA,NA,NA,Mexico,NA,NA,NA,NA,NA,NA,NA,NA,NA,Pvta Luna,,5,8,10,7036055
Mexico,2025/12/04,diciembre_2025,8,Junior H,Junior H,NA,NA,NA,NA,NA,NA,NA,NA,NA,Mexico,NA,NA,NA,NA,NA,NA,NA,NA,NA,MIENTRAS DUERMES,,8,11,56,6089128
Mexico,2025/12/04,diciembre_2025,9,"Peso Pluma, Tito Double P",Peso Pluma,Tito Double P,NA,NA,NA,NA,NA,NA,NA,NA,Mexico,Mexico,NA,NA,NA,NA,NA,NA,NA,NA,intro,,9,9,2,5869565
Mexico,2025/12/04,diciembre_2025,10,Calle 24,Calle 24,NA,NA,NA,NA,NA,NA,NA,NA,NA,Mexico,NA,NA,NA,NA,NA,NA,NA,NA,NA,SUIZA,,4,5,32,5797050
Mexico,2025/12/04,diciembre_2025,11,"Natanael Cano, Gabito Ballesteros",Natanael Cano,Gabito Ballesteros,NA,NA,NA,NA,NA,NA,NA,NA,Mexico,Mexico,NA,NA,NA,NA,NA,NA,NA,NA,Perlas Negras,,1,10,23,5248400
Mexico,2025/12/04,diciembre_2025,12,Tito Double P,Tito Double P,NA,NA,NA,NA,NA,NA,NA,NA,NA,Mexico,NA,NA,NA,NA,NA,NA,NA,NA,NA,POR SUS BESOS,,1,14,21,5149100
Mexico,2025/12/04,diciembre_2025,13,"Omar Camacho, Oscar Maydon",Omar Camacho,Oscar Maydon,NA,NA,NA,NA,NA,NA,NA,NA,Mexico,Mexico,NA,NA,NA,NA,NA,NA,NA,NA,La Ciudad del Sol,,11,16,15,4742464
Mexico,2025/12/04,diciembre_2025,14,Fuerza Regida,Fuerza Regida,NA,NA,NA,NA,NA,NA,NA,NA,NA,Mexico,NA,NA,NA,NA,NA,NA,NA,NA,NA,ANSIEDAD,,7,13,31,4536328
Mexico,2025/12/04,diciembre_2025,15,Fuerza Regida,Fuerza Regida,NA,NA,NA,NA,NA,NA,NA,NA,NA,Mexico,NA,NA,NA,NA,NA,NA,NA,NA,NA,Por Esos Ojos,,3,19,43,4419158
Mexico,2025/12/04,diciembre_2025,16,"Victor Mendivil, Eladio Carrion",Victor Mendivil,Eladio Carrion,NA,NA,NA,NA,NA,NA,NA,NA,Mexico,Puerto Rico,NA,NA,NA,NA,NA,NA,NA,NA,Cholo 2,,16,23,2,4359517
Mexico,2025/12/04,diciembre_2025,17,"Luis R Conriquez, Fuerza Regida, Neton Vega",Luis R Conriquez,Fuerza Regida,Neton Vega,NA,NA,NA,NA,NA,NA,NA,Mexico,Mexico,Mexico,NA,NA,NA,NA,NA,NA,NA,Chula Vente,,2,17,19,4315671
Mexico,2025/12/04,diciembre_2025,18,Junior H,Junior H,NA,NA,NA,NA,NA,NA,NA,NA,NA,Mexico,NA,NA,NA,NA,NA,NA,NA,NA,NA,Y LLORO,,5,24,113,4299840
Mexico,2025/12/04,diciembre_2025,19,Junior H,Junior H,NA,NA,NA,NA,NA,NA,NA,NA,NA,Mexico,NA,NA,NA,NA,NA,NA,NA,NA,NA,PIÉNSALO,,9,26,75,4190497
Mexico,2025/12/04,diciembre_2025,20,"ROSALÍA, Yahritza Y Su Esencia",ROSALÍA,Yahritza Y Su Esencia,NA,NA,NA,NA,NA,NA,NA,NA,España,Estados Unidos,NA,NA,NA,NA,NA,NA,NA,NA,La Perla,,15,15,4,4065451
Mexico,2025/12/04,diciembre_2025,21,Junior H,Junior H,NA,NA,NA,NA,NA,NA,NA,NA,NA,Mexico,NA,NA,NA,NA,NA,NA,NA,NA,NA,LAS NOCHES,,12,12,26,4033718
Mexico,2025/12/04,diciembre_2025,22,Virlan Garcia,Virlan Garcia,NA,NA,NA,NA,NA,NA,NA,NA,NA,Mexico,NA,NA,NA,NA,NA,NA,NA,NA,NA,Mi Entorno,,22,22,7,4003779
Mexico,2025/12/04,diciembre_2025,23,Victor Mendivil,Victor Mendivil,NA,NA,NA,NA,NA,NA,NA,NA,NA,Mexico,NA,NA,NA,NA,NA,NA,NA,NA,NA,Orula,,1,25,9,3944539
Mexico,2025/12/04,diciembre_2025,24,"Fuerza Regida, Grupo Frontera",Fuerza Regida,Grupo Frontera,NA,NA,NA,NA,NA,NA,NA,NA,Mexico,Mexico,NA,NA,NA,NA,NA,NA,NA,NA,COQUETA,,15,20,50,3846126
Mexico,2025/12/04,diciembre_2025,25,Junior H,Junior H,NA,NA,NA,NA,NA,NA,NA,NA,NA,Mexico,NA,NA,NA,NA,NA,NA,NA,NA,NA,Extssy Model,,23,37,164,3837036
Mexico,2025/12/04,diciembre_2025,26,Fuerza Regida,Fuerza Regida,NA,NA,NA,NA,NA,NA,NA,NA,NA,Mexico,NA,NA,NA,NA,NA,NA,NA,NA,NA,caperuza,,21,21,31,3797107
Mexico,2025/12/04,diciembre_2025,27,"Neton Vega, Peso Pluma",Neton Vega,Peso Pluma,NA,NA,NA,NA,NA,NA,NA,NA,Mexico,Mexico,NA,NA,NA,NA,NA,NA,NA,NA,Morena,,1,32,42,3761060
Mexico,2025/12/04,diciembre_2025,28,"Jimmy Guzman, Omar Camacho",Jimmy Guzman,Omar Camacho,NA,NA,NA,NA,NA,NA,NA,NA,Mexico,Mexico,NA,NA,NA,NA,NA,NA,NA,NA,1899/12/30 03:00:00,,20,29,18,3572845
Mexico,2025/12/04,diciembre_2025,29,La Arrolladora Banda El Limón De Rene Camacho,La Arrolladora Banda El Limón De Rene Camacho,NA,NA,NA,NA,NA,NA,NA,NA,NA,Mexico,NA,NA,NA,NA,NA,NA,NA,NA,NA,El Final De Nuestra Historia,,16,28,129,3524688
Mexico,2025/12/04,diciembre_2025,30,Emmanuel Cortes,Emmanuel Cortes,NA,NA,NA,NA,NA,NA,NA,NA,NA,Mexico,NA,NA,NA,NA,NA,NA,NA,NA,NA,Amor,,17,27,77,3507575
Mexico,2025/12/04,diciembre_2025,31,Los Dareyes De La Sierra,Los Dareyes De La Sierra,NA,NA,NA,NA,NA,NA,NA,NA,NA,Mexico,NA,NA,NA,NA,NA,NA,NA,NA,NA,Frecuencia,,3,18,25,3484783
Mexico,2025/12/04,diciembre_2025,32,"Oscar Maydon, Fuerza Regida",Oscar Maydon,Fuerza Regida,NA,NA,NA,NA,NA,NA,NA,NA,Mexico,Mexico,NA,NA,NA,NA,NA,NA,NA,NA,Tu Boda,,1,33,62,3466395
Mexico,2025/12/04,diciembre_2025,33,"Peso Pluma, Estevan Plazola",Peso Pluma,Estevan Plazola,NA,NA,NA,NA,NA,NA,NA,NA,Mexico,Mexico,NA,NA,NA,NA,NA,NA,NA,NA,HOLLYWOOD,,16,34,76,3429416
Mexico,2025/12/04,diciembre_2025,34,Natanael Cano,Natanael Cano,NA,NA,NA,NA,NA,NA,NA,NA,NA,Mexico,NA,NA,NA,NA,NA,NA,NA,NA,NA,Blancanieves,,6,30,24,3383080
Mexico,2025/12/04,diciembre_2025,35,"Victor Mendivil, $HUPE",Victor Mendivil,$HUPE,NA,NA,NA,NA,NA,NA,NA,NA,Mexico,Mexico,NA,NA,NA,NA,NA,NA,NA,NA,PLAK,,17,41,19,3325799
Mexico,2025/12/04,diciembre_2025,36,Junior H,Junior H,NA,NA,NA,NA,NA,NA,NA,NA,NA,Mexico,NA,NA,NA,NA,NA,NA,NA,NA,NA,TRES BOTELLAS,,26,49,113,3278119
Mexico,2025/12/04,diciembre_2025,37,Victor Mendivil,Victor Mendivil,NA,NA,NA,NA,NA,NA,NA,NA,NA,Mexico,NA,NA,NA,NA,NA,NA,NA,NA,NA,GOET,,24,31,77,3202255
Mexico,2025/12/04,diciembre_2025,38,"Fuerza Regida, Grupo Frontera",Fuerza Regida,Grupo Frontera,NA,NA,NA,NA,NA,NA,NA,NA,Mexico,Mexico,NA,NA,NA,NA,NA,NA,NA,NA,ME JALO,,5,47,50,3196514
Mexico,2025/12/04,diciembre_2025,39,Rels B,Rels B,NA,NA,NA,NA,NA,NA,NA,NA,NA,España,NA,NA,NA,NA,NA,NA,NA,NA,NA,TU VAS SIN (fav),,10,35,22,3185112
Mexico,2025/12/04,diciembre_2025,40,Bad Bunny,Bad Bunny,NA,NA,NA,NA,NA,NA,NA,NA,NA,Puerto Rico,NA,NA,NA,NA,NA,NA,NA,NA,NA,BAILE INoLVIDABLE,,5,42,48,3175223
Mexico,2025/12/04,diciembre_2025,41,Fuerza Regida,Fuerza Regida,NA,NA,NA,NA,NA,NA,NA,NA,NA,Mexico,NA,NA,NA,NA,NA,NA,NA,NA,NA,EXCESOS,,38,45,75,3138385
Mexico,2025/12/04,diciembre_2025,42,"Victor Mendivil, Neton Vega",Victor Mendivil,Neton Vega,NA,NA,NA,NA,NA,NA,NA,NA,Mexico,Mexico,NA,NA,NA,NA,NA,NA,NA,NA,King of Watches,,11,38,19,3106653
Mexico,2025/12/04,diciembre_2025,43,Junior H,Junior H,NA,NA,NA,NA,NA,NA,NA,NA,NA,Mexico,NA,NA,NA,NA,NA,NA,NA,NA,NA,ROCKSTAR,,7,62,113,3103340
Mexico,2025/12/04,diciembre_2025,44,"Xavi, Manuel Turizo",Xavi,Manuel Turizo,NA,NA,NA,NA,NA,NA,NA,NA,Estados Unidos,Colombia,NA,NA,NA,NA,NA,NA,NA,NA,En Privado,,14,36,43,3058565
Mexico,2025/12/04,diciembre_2025,45,"Luis Carrillo, Omar Camacho, Oscar Maydon",Luis Carrillo,Omar Camacho,Oscar Maydon,NA,NA,NA,NA,NA,NA,NA,Mexico,Mexico,Mexico,NA,NA,NA,NA,NA,NA,NA,Netflix and Chill,,45,-1,1,3041390
Mexico,2025/12/04,diciembre_2025,46,"Victor Mendivil, Oscar Maydon",Victor Mendivil,Oscar Maydon,NA,NA,NA,NA,NA,NA,NA,NA,Mexico,Mexico,NA,NA,NA,NA,NA,NA,NA,NA,Me Paseo,,30,53,19,3025523
Mexico,2025/12/04,diciembre_2025,47,Fuerza Regida,Fuerza Regida,NA,NA,NA,NA,NA,NA,NA,NA,NA,Mexico,NA,NA,NA,NA,NA,NA,NA,NA,NA,PERO NO TE ENAMORES,,40,54,67,3014887
Mexico,2025/12/04,diciembre_2025,48,"Tito Double P, Junior H",Tito Double P,Junior H,NA,NA,NA,NA,NA,NA,NA,NA,Mexico,Mexico,NA,NA,NA,NA,NA,NA,NA,NA,2026/07/05,,10,50,67,3014579
Mexico,2025/12/04,diciembre_2025,49,Bad Bunny,Bad Bunny,NA,NA,NA,NA,NA,NA,NA,NA,NA,Puerto Rico,NA,NA,NA,NA,NA,NA,NA,NA,NA,DtMF,,1,60,48,3010987
Mexico,2025/12/04,diciembre_2025,50,Julión Álvarez y su Norteño Banda,Julión Álvarez y su Norteño Banda,NA,NA,NA,NA,NA,NA,NA,NA,NA,Mexico,NA,NA,NA,NA,NA,NA,NA,NA,NA,Regalo De Dios,,3,46,101,3009624
Mexico,2026/01/08,enero_2026,1,"Peso Pluma, Tito Double P",Peso Pluma,Tito Double P,NA,NA,NA,NA,NA,NA,NA,NA,Mexico,Mexico,NA,NA,NA,NA,NA,NA,NA,NA,dopamina,,1,1,2,13552038
Mexico,2026/01/08,enero_2026,2,"Peso Pluma, Tito Double P",Peso Pluma,Tito Double P,NA,NA,NA,NA,NA,NA,NA,NA,Mexico,Mexico,NA,NA,NA,NA,NA,NA,NA,NA,daño,,2,5,2,10543134
Mexico,2026/01/08,enero_2026,3,Neton Vega,Neton Vega,NA,NA,NA,NA,NA,NA,NA,NA,NA,Mexico,NA,NA,NA,NA,NA,NA,NA,NA,NA,Pvta Luna,,1,3,15,8434542
Mexico,2026/01/08,enero_2026,4,"Peso Pluma, Tito Double P",Peso Pluma,Tito Double P,NA,NA,NA,NA,NA,NA,NA,NA,Mexico,Mexico,NA,NA,NA,NA,NA,NA,NA,NA,bckpckbyz,,2,2,2,8420028
Mexico,2026/01/08,enero_2026,5,"Peso Pluma, Tito Double P",Peso Pluma,Tito Double P,NA,NA,NA,NA,NA,NA,NA,NA,Mexico,Mexico,NA,NA,NA,NA,NA,NA,NA,NA,ni pedo,,4,4,2,7857084
Mexico,2026/01/08,enero_2026,6,"Peso Pluma, Tito Double P",Peso Pluma,Tito Double P,NA,NA,NA,NA,NA,NA,NA,NA,Mexico,Mexico,NA,NA,NA,NA,NA,NA,NA,NA,2026/03/07,,6,10,2,7827599
Mexico,2026/01/08,enero_2026,7,Herencia De Grandes,Herencia De Grandes,NA,NA,NA,NA,NA,NA,NA,NA,NA,Mexico,NA,NA,NA,NA,NA,NA,NA,NA,NA,Ya Borracho,,4,6,8,7695957
Mexico,2026/01/08,enero_2026,8,"El Bogueto, Yung Beef",El Bogueto,Yung Beef,NA,NA,NA,NA,NA,NA,NA,NA,Mexico,España,NA,NA,NA,NA,NA,NA,NA,NA,Cuando No Era Cantante,,1,7,54,7630848
Mexico,2026/01/08,enero_2026,9,"Omar Camacho, Victor Mendivil",Omar Camacho,Victor Mendivil,NA,NA,NA,NA,NA,NA,NA,NA,Mexico,Mexico,NA,NA,NA,NA,NA,NA,NA,NA,2+2,,1,9,28,7266394
Mexico,2026/01/08,enero_2026,10,"El Bogueto, Anuel AA, Fuerza Regida, Yung Beef",El Bogueto,Anuel AA,Fuerza Regida,Yung Beef,NA,NA,NA,NA,NA,NA,Mexico,Puerto Rico,Mexico,España,NA,NA,NA,NA,NA,NA,Cuando No Era Cantante - Remix,,3,11,4,6579380
Mexico,2026/01/08,enero_2026,11,Fuerza Regida,Fuerza Regida,NA,NA,NA,NA,NA,NA,NA,NA,NA,Mexico,NA,NA,NA,NA,NA,NA,NA,NA,NA,Marlboro Rojo,,1,12,36,6089928
Mexico,2026/01/08,enero_2026,12,"Peso Pluma, Tito Double P",Peso Pluma,Tito Double P,NA,NA,NA,NA,NA,NA,NA,NA,Mexico,Mexico,NA,NA,NA,NA,NA,NA,NA,NA,putielegante,,12,13,2,6078075
Mexico,2026/01/08,enero_2026,13,Virlan Garcia,Virlan Garcia,NA,NA,NA,NA,NA,NA,NA,NA,NA,Mexico,NA,NA,NA,NA,NA,NA,NA,NA,NA,Mi Entorno,,7,14,12,6073252
Mexico,2026/01/08,enero_2026,14,"Peso Pluma, Tito Double P",Peso Pluma,Tito Double P,NA,NA,NA,NA,NA,NA,NA,NA,Mexico,Mexico,NA,NA,NA,NA,NA,NA,NA,NA,intro,,8,8,7,5738695
Mexico,2026/01/08,enero_2026,15,Fuerza Regida,Fuerza Regida,NA,NA,NA,NA,NA,NA,NA,NA,NA,Mexico,NA,NA,NA,NA,NA,NA,NA,NA,NA,CHAVALITAS,,2,15,30,5497398
Mexico,2026/01/08,enero_2026,16,"BeatBoy, Victor Mendivil",BeatBoy,Victor Mendivil,NA,NA,NA,NA,NA,NA,NA,NA,Mexico,Mexico,NA,NA,NA,NA,NA,NA,NA,NA,Pase y Toque,,11,22,4,5199394
Mexico,2026/01/08,enero_2026,17,Junior H,Junior H,NA,NA,NA,NA,NA,NA,NA,NA,NA,Mexico,NA,NA,NA,NA,NA,NA,NA,NA,NA,MIENTRAS DUERMES,,8,16,61,5058084
Mexico,2026/01/08,enero_2026,18,Fuerza Regida,Fuerza Regida,NA,NA,NA,NA,NA,NA,NA,NA,NA,Mexico,NA,NA,NA,NA,NA,NA,NA,NA,NA,TU SANCHO,,1,18,36,5020049
Mexico,2026/01/08,enero_2026,19,Bad Bunny,Bad Bunny,NA,NA,NA,NA,NA,NA,NA,NA,NA,Puerto Rico,NA,NA,NA,NA,NA,NA,NA,NA,NA,BAILE INoLVIDABLE,,5,17,53,4445979
Mexico,2026/01/08,enero_2026,20,"Omar Camacho, Oscar Maydon",Omar Camacho,Oscar Maydon,NA,NA,NA,NA,NA,NA,NA,NA,Mexico,Mexico,NA,NA,NA,NA,NA,NA,NA,NA,La Ciudad del Sol,,11,29,20,4141969
Mexico,2026/01/08,enero_2026,21,Fuerza Regida,Fuerza Regida,NA,NA,NA,NA,NA,NA,NA,NA,NA,Mexico,NA,NA,NA,NA,NA,NA,NA,NA,NA,ANSIEDAD,,7,24,36,4138559
Mexico,2026/01/08,enero_2026,22,"Peso Pluma, Tito Double P",Peso Pluma,Tito Double P,NA,NA,NA,NA,NA,NA,NA,NA,Mexico,Mexico,NA,NA,NA,NA,NA,NA,NA,NA,billete,,19,19,2,4124050
Mexico,2026/01/08,enero_2026,23,Tito Double P,Tito Double P,NA,NA,NA,NA,NA,NA,NA,NA,NA,Mexico,NA,NA,NA,NA,NA,NA,NA,NA,NA,POR SUS BESOS,,1,25,26,4097871
Mexico,2026/01/08,enero_2026,24,Junior H,Junior H,NA,NA,NA,NA,NA,NA,NA,NA,NA,Mexico,NA,NA,NA,NA,NA,NA,NA,NA,NA,Y LLORO,,5,27,118,4039049
Mexico,2026/01/08,enero_2026,25,Ian Cordova,Ian Cordova,NA,NA,NA,NA,NA,NA,NA,NA,NA,Mexico,NA,NA,NA,NA,NA,NA,NA,NA,NA,Te Amo y Me Amas,,25,36,12,4038954
Mexico,2026/01/08,enero_2026,26,Bad Bunny,Bad Bunny,NA,NA,NA,NA,NA,NA,NA,NA,NA,Puerto Rico,NA,NA,NA,NA,NA,NA,NA,NA,NA,DtMF,,1,20,53,4020353
Mexico,2026/01/08,enero_2026,27,"Peso Pluma, Tito Double P",Peso Pluma,Tito Double P,NA,NA,NA,NA,NA,NA,NA,NA,Mexico,Mexico,NA,NA,NA,NA,NA,NA,NA,NA,malibu,,27,30,2,4006072
Mexico,2026/01/08,enero_2026,28,Emmanuel Cortes,Emmanuel Cortes,NA,NA,NA,NA,NA,NA,NA,NA,NA,Mexico,NA,NA,NA,NA,NA,NA,NA,NA,NA,Amor,,17,32,82,3809808
Mexico,2026/01/08,enero_2026,29,La Arrolladora Banda El Limón De Rene Camacho,La Arrolladora Banda El Limón De Rene Camacho,NA,NA,NA,NA,NA,NA,NA,NA,NA,Mexico,NA,NA,NA,NA,NA,NA,NA,NA,NA,El Final De Nuestra Historia,,16,26,134,3774071
Mexico,2026/01/08,enero_2026,30,"Luis Carrillo, Omar Camacho, Oscar Maydon",Luis Carrillo,Omar Camacho,Oscar Maydon,NA,NA,NA,NA,NA,NA,NA,Mexico,Mexico,Mexico,NA,NA,NA,NA,NA,NA,NA,Netflix and Chill,,8,35,6,3693326
Mexico,2026/01/08,enero_2026,31,"Natanael Cano, Gabito Ballesteros",Natanael Cano,Gabito Ballesteros,NA,NA,NA,NA,NA,NA,NA,NA,Mexico,Mexico,NA,NA,NA,NA,NA,NA,NA,NA,Perlas Negras,,1,21,28,3663541
Mexico,2026/01/08,enero_2026,32,"Peso Pluma, Tito Double P",Peso Pluma,Tito Double P,NA,NA,NA,NA,NA,NA,NA,NA,Mexico,Mexico,NA,NA,NA,NA,NA,NA,NA,NA,tu con el,,32,39,2,3638465
Mexico,2026/01/08,enero_2026,33,"Peso Pluma, Tito Double P",Peso Pluma,Tito Double P,NA,NA,NA,NA,NA,NA,NA,NA,Mexico,Mexico,NA,NA,NA,NA,NA,NA,NA,NA,trucha,,23,23,2,3618614
Mexico,2026/01/08,enero_2026,34,"Luis R Conriquez, Fuerza Regida, Neton Vega",Luis R Conriquez,Fuerza Regida,Neton Vega,NA,NA,NA,NA,NA,NA,NA,Mexico,Mexico,Mexico,NA,NA,NA,NA,NA,NA,NA,Chula Vente,,2,38,24,3509412
Mexico,2026/01/08,enero_2026,35,Junior H,Junior H,NA,NA,NA,NA,NA,NA,NA,NA,NA,Mexico,NA,NA,NA,NA,NA,NA,NA,NA,NA,LAS NOCHES,,12,37,31,3455360
Mexico,2026/01/08,enero_2026,36,Calle 24,Calle 24,NA,NA,NA,NA,NA,NA,NA,NA,NA,Mexico,NA,NA,NA,NA,NA,NA,NA,NA,NA,SUIZA,,4,48,37,3441075
Mexico,2026/01/08,enero_2026,37,"Fuerza Regida, Grupo Frontera",Fuerza Regida,Grupo Frontera,NA,NA,NA,NA,NA,NA,NA,NA,Mexico,Mexico,NA,NA,NA,NA,NA,NA,NA,NA,COQUETA,,15,34,55,3396788
Mexico,2026/01/08,enero_2026,38,Junior H,Junior H,NA,NA,NA,NA,NA,NA,NA,NA,NA,Mexico,NA,NA,NA,NA,NA,NA,NA,NA,NA,PIÉNSALO,,9,43,80,3256411
Mexico,2026/01/08,enero_2026,39,"Victor Mendivil, Eladio Carrion",Victor Mendivil,Eladio Carrion,NA,NA,NA,NA,NA,NA,NA,NA,Mexico,Puerto Rico,NA,NA,NA,NA,NA,NA,NA,NA,Cholo 2,,16,66,7,3240766
Mexico,2026/01/08,enero_2026,40,"J Balvin, Bad Bunny",J Balvin,Bad Bunny,NA,NA,NA,NA,NA,NA,NA,NA,Colombia,Puerto Rico,NA,NA,NA,NA,NA,NA,NA,NA,LA CANCIÓN,,1,28,341,3237680
Mexico,2026/01/08,enero_2026,41,Fuerza Regida,Fuerza Regida,NA,NA,NA,NA,NA,NA,NA,NA,NA,Mexico,NA,NA,NA,NA,NA,NA,NA,NA,NA,caperuza,,21,47,36,3236879
Mexico,2026/01/08,enero_2026,42,Victor Mendivil,Victor Mendivil,NA,NA,NA,NA,NA,NA,NA,NA,NA,Mexico,NA,NA,NA,NA,NA,NA,NA,NA,NA,Orula,,1,44,14,3215682
Mexico,2026/01/08,enero_2026,43,Los Dareyes De La Sierra,Los Dareyes De La Sierra,NA,NA,NA,NA,NA,NA,NA,NA,NA,Mexico,NA,NA,NA,NA,NA,NA,NA,NA,NA,Frecuencia,,3,42,30,3143060
Mexico,2026/01/08,enero_2026,44,"Peso Pluma, Tito Double P",Peso Pluma,Tito Double P,NA,NA,NA,NA,NA,NA,NA,NA,Mexico,Mexico,NA,NA,NA,NA,NA,NA,NA,NA,mezcal,,33,33,2,3111159
Mexico,2026/01/08,enero_2026,45,Julión Álvarez y su Norteño Banda,Julión Álvarez y su Norteño Banda,NA,NA,NA,NA,NA,NA,NA,NA,NA,Mexico,NA,NA,NA,NA,NA,NA,NA,NA,NA,Regalo De Dios,,3,41,106,3089097
Mexico,2026/01/08,enero_2026,46,"ROSALÍA, Yahritza Y Su Esencia",ROSALÍA,Yahritza Y Su Esencia,NA,NA,NA,NA,NA,NA,NA,NA,España,Estados Unidos,NA,NA,NA,NA,NA,NA,NA,NA,La Perla,,15,65,9,3014189
Mexico,2026/01/08,enero_2026,47,Junior H,Junior H,NA,NA,NA,NA,NA,NA,NA,NA,NA,Mexico,NA,NA,NA,NA,NA,NA,NA,NA,NA,Extssy Model,,23,60,169,2874298
Mexico,2026/01/08,enero_2026,48,"Peso Pluma, Tito Double P",Peso Pluma,Tito Double P,NA,NA,NA,NA,NA,NA,NA,NA,Mexico,Mexico,NA,NA,NA,NA,NA,NA,NA,NA,20s,,40,40,2,2870161
Mexico,2026/01/08,enero_2026,49,"Peso Pluma, Tito Double P",Peso Pluma,Tito Double P,NA,NA,NA,NA,NA,NA,NA,NA,Mexico,Mexico,NA,NA,NA,NA,NA,NA,NA,NA,morras II,,31,31,2,2861157
Mexico,2026/01/08,enero_2026,50,"Oscar Maydon, Fuerza Regida",Oscar Maydon,Fuerza Regida,NA,NA,NA,NA,NA,NA,NA,NA,Mexico,Mexico,NA,NA,NA,NA,NA,NA,NA,NA,Tu Boda,,1,52,67,2857181
Mexico,2026/02/05,febrero_2026,1,"Peso Pluma, Tito Double P",Peso Pluma,Tito Double P,NA,NA,NA,NA,NA,NA,NA,NA,Mexico,Mexico,NA,NA,NA,NA,NA,NA,NA,NA,dopamina,,1,1,6,10687590
Mexico,2026/02/05,febrero_2026,2,"Peso Pluma, Tito Double P",Peso Pluma,Tito Double P,NA,NA,NA,NA,NA,NA,NA,NA,Mexico,Mexico,NA,NA,NA,NA,NA,NA,NA,NA,2026/03/07,,2,2,6,9294037
Mexico,2026/02/05,febrero_2026,3,Neton Vega,Neton Vega,NA,NA,NA,NA,NA,NA,NA,NA,NA,Mexico,NA,NA,NA,NA,NA,NA,NA,NA,NA,Pvta Luna,,1,3,19,9279269
Mexico,2026/02/05,febrero_2026,4,Lenin Ramírez,Lenin Ramírez,NA,NA,NA,NA,NA,NA,NA,NA,NA,Mexico,NA,NA,NA,NA,NA,NA,NA,NA,NA,Todo Lo Fue,,4,7,3,8747960
Mexico,2026/02/05,febrero_2026,5,"Peso Pluma, Tito Double P",Peso Pluma,Tito Double P,NA,NA,NA,NA,NA,NA,NA,NA,Mexico,Mexico,NA,NA,NA,NA,NA,NA,NA,NA,daño,,2,4,6,8436672
Mexico,2026/02/05,febrero_2026,6,Herencia De Grandes,Herencia De Grandes,NA,NA,NA,NA,NA,NA,NA,NA,NA,Mexico,NA,NA,NA,NA,NA,NA,NA,NA,NA,Ya Borracho,,4,8,12,7877779
Mexico,2026/02/05,febrero_2026,7,"Omar Camacho, Victor Mendivil, Angel Almaguer, $HUPE",Omar Camacho,Victor Mendivil,Angel Almaguer,$HUPE,NA,NA,NA,NA,NA,NA,Mexico,Mexico,Mexico,Mexico,NA,NA,NA,NA,NA,NA,4x4,,5,5,3,7534193
Mexico,2026/02/05,febrero_2026,8,"Omar Camacho, Victor Mendivil",Omar Camacho,Victor Mendivil,NA,NA,NA,NA,NA,NA,NA,NA,Mexico,Mexico,NA,NA,NA,NA,NA,NA,NA,NA,2+2,,1,9,32,7426390
Mexico,2026/02/05,febrero_2026,9,"El Bogueto, Anuel AA, Fuerza Regida, Yung Beef",El Bogueto,Anuel AA,Fuerza Regida,Yung Beef,NA,NA,NA,NA,NA,NA,Mexico,Puerto Rico,Mexico,España,NA,NA,NA,NA,NA,NA,Cuando No Era Cantante - Remix,,3,10,8,6855116
Mexico,2026/02/05,febrero_2026,10,"BeatBoy, Victor Mendivil",BeatBoy,Victor Mendivil,NA,NA,NA,NA,NA,NA,NA,NA,Mexico,Mexico,NA,NA,NA,NA,NA,NA,NA,NA,Pase y Toque,,10,16,8,6671096
Mexico,2026/02/05,febrero_2026,11,Fuerza Regida,Fuerza Regida,NA,NA,NA,NA,NA,NA,NA,NA,NA,Mexico,NA,NA,NA,NA,NA,NA,NA,NA,NA,Marlboro Rojo,,1,12,40,6491696
Mexico,2026/02/05,febrero_2026,12,"Régulo Molina, Oscar Maydon, Neton Vega",Régulo Molina,Oscar Maydon,Neton Vega,NA,NA,NA,NA,NA,NA,NA,Mexico,Mexico,Mexico,NA,NA,NA,NA,NA,NA,NA,Canasteo,,6,6,3,6368069
Mexico,2026/02/05,febrero_2026,13,Fuerza Regida,Fuerza Regida,NA,NA,NA,NA,NA,NA,NA,NA,NA,Mexico,NA,NA,NA,NA,NA,NA,NA,NA,NA,CHAVALITAS,,2,13,34,5832415
Mexico,2026/02/05,febrero_2026,14,Fuerza Regida,Fuerza Regida,NA,NA,NA,NA,NA,NA,NA,NA,NA,Mexico,NA,NA,NA,NA,NA,NA,NA,NA,NA,TU SANCHO,,1,14,40,5774380
Mexico,2026/02/05,febrero_2026,15,Virlan Garcia,Virlan Garcia,NA,NA,NA,NA,NA,NA,NA,NA,NA,Mexico,NA,NA,NA,NA,NA,NA,NA,NA,NA,Mi Entorno,,7,15,16,5578201
Mexico,2026/02/05,febrero_2026,16,"El Bogueto, Yung Beef",El Bogueto,Yung Beef,NA,NA,NA,NA,NA,NA,NA,NA,Mexico,España,NA,NA,NA,NA,NA,NA,NA,NA,Cuando No Era Cantante,,1,11,58,5326739
Mexico,2026/02/05,febrero_2026,17,"Peso Pluma, Tito Double P",Peso Pluma,Tito Double P,NA,NA,NA,NA,NA,NA,NA,NA,Mexico,Mexico,NA,NA,NA,NA,NA,NA,NA,NA,tu con el,,17,22,6,5134451
Mexico,2026/02/05,febrero_2026,18,"Peso Pluma, Tito Double P",Peso Pluma,Tito Double P,NA,NA,NA,NA,NA,NA,NA,NA,Mexico,Mexico,NA,NA,NA,NA,NA,NA,NA,NA,ni pedo,,4,17,6,5083914
Mexico,2026/02/05,febrero_2026,19,Junior H,Junior H,NA,NA,NA,NA,NA,NA,NA,NA,NA,Mexico,NA,NA,NA,NA,NA,NA,NA,NA,NA,MIENTRAS DUERMES,,8,18,65,4851239
Mexico,2026/02/05,febrero_2026,20,"Fuerza Regida, Grupo Frontera",Fuerza Regida,Grupo Frontera,NA,NA,NA,NA,NA,NA,NA,NA,Mexico,Mexico,NA,NA,NA,NA,NA,NA,NA,NA,COQUETA,,15,28,59,4440381
Mexico,2026/02/05,febrero_2026,21,Bad Bunny,Bad Bunny,NA,NA,NA,NA,NA,NA,NA,NA,NA,Puerto Rico,NA,NA,NA,NA,NA,NA,NA,NA,NA,BAILE INoLVIDABLE,,5,31,57,4340427
Mexico,2026/02/05,febrero_2026,22,"Peso Pluma, Tito Double P",Peso Pluma,Tito Double P,NA,NA,NA,NA,NA,NA,NA,NA,Mexico,Mexico,NA,NA,NA,NA,NA,NA,NA,NA,putielegante,,12,19,6,4326345
Mexico,2026/02/05,febrero_2026,23,Ian Cordova,Ian Cordova,NA,NA,NA,NA,NA,NA,NA,NA,NA,Mexico,NA,NA,NA,NA,NA,NA,NA,NA,NA,Te Amo y Me Amas,,21,26,16,4304215
Mexico,2026/02/05,febrero_2026,24,Fuerza Regida,Fuerza Regida,NA,NA,NA,NA,NA,NA,NA,NA,NA,Mexico,NA,NA,NA,NA,NA,NA,NA,NA,NA,ANSIEDAD,,7,24,40,4287038
Mexico,2026/02/05,febrero_2026,25,Chuyin,Chuyin,NA,NA,NA,NA,NA,NA,NA,NA,NA,Mexico,NA,NA,NA,NA,NA,NA,NA,NA,NA,PUES QUE LE HAGO ?,,25,44,4,4233103
Mexico,2026/02/05,febrero_2026,26,Emmanuel Cortes,Emmanuel Cortes,NA,NA,NA,NA,NA,NA,NA,NA,NA,Mexico,NA,NA,NA,NA,NA,NA,NA,NA,NA,Amor,,17,21,86,4206886
Mexico,2026/02/05,febrero_2026,27,Bad Bunny,Bad Bunny,NA,NA,NA,NA,NA,NA,NA,NA,NA,Puerto Rico,NA,NA,NA,NA,NA,NA,NA,NA,NA,DtMF,,1,37,57,4196610
Mexico,2026/02/05,febrero_2026,28,"Omar Camacho, Oscar Maydon",Omar Camacho,Oscar Maydon,NA,NA,NA,NA,NA,NA,NA,NA,Mexico,Mexico,NA,NA,NA,NA,NA,NA,NA,NA,La Ciudad del Sol,,11,23,24,4150949
Mexico,2026/02/05,febrero_2026,29,Tito Double P,Tito Double P,NA,NA,NA,NA,NA,NA,NA,NA,NA,Mexico,NA,NA,NA,NA,NA,NA,NA,NA,NA,POR SUS BESOS,,1,25,30,4144989
Mexico,2026/02/05,febrero_2026,30,"Peso Pluma, Tito Double P",Peso Pluma,Tito Double P,NA,NA,NA,NA,NA,NA,NA,NA,Mexico,Mexico,NA,NA,NA,NA,NA,NA,NA,NA,intro,,8,20,11,4012582
Mexico,2026/02/05,febrero_2026,31,Junior H,Junior H,NA,NA,NA,NA,NA,NA,NA,NA,NA,Mexico,NA,NA,NA,NA,NA,NA,NA,NA,NA,Y LLORO,,5,29,122,3873800
Mexico,2026/02/05,febrero_2026,32,Fuerza Regida,Fuerza Regida,NA,NA,NA,NA,NA,NA,NA,NA,NA,Mexico,NA,NA,NA,NA,NA,NA,NA,NA,NA,caperuza,,21,35,40,3759588
Mexico,2026/02/05,febrero_2026,33,"Victor Mendivil, Eladio Carrion",Victor Mendivil,Eladio Carrion,NA,NA,NA,NA,NA,NA,NA,NA,Mexico,Puerto Rico,NA,NA,NA,NA,NA,NA,NA,NA,Cholo 2,,16,36,11,3580437
Mexico,2026/02/05,febrero_2026,34,La Arrolladora Banda El Limón De Rene Camacho,La Arrolladora Banda El Limón De Rene Camacho,NA,NA,NA,NA,NA,NA,NA,NA,NA,Mexico,NA,NA,NA,NA,NA,NA,NA,NA,NA,El Final De Nuestra Historia,,16,30,138,3574355
Mexico,2026/02/05,febrero_2026,35,"Natanael Cano, Gabito Ballesteros",Natanael Cano,Gabito Ballesteros,NA,NA,NA,NA,NA,NA,NA,NA,Mexico,Mexico,NA,NA,NA,NA,NA,NA,NA,NA,Perlas Negras,,1,41,32,3573161
Mexico,2026/02/05,febrero_2026,36,Junior H,Junior H,NA,NA,NA,NA,NA,NA,NA,NA,NA,Mexico,NA,NA,NA,NA,NA,NA,NA,NA,NA,PIÉNSALO,,9,33,84,3556686
Mexico,2026/02/05,febrero_2026,37,Moy Bobadilla,Moy Bobadilla,NA,NA,NA,NA,NA,NA,NA,NA,NA,Mexico,NA,NA,NA,NA,NA,NA,NA,NA,NA,Tus Mentiras (En Vivo),,38,40,7,3494415
Mexico,2026/02/05,febrero_2026,38,"Peso Pluma, Tito Double P",Peso Pluma,Tito Double P,NA,NA,NA,NA,NA,NA,NA,NA,Mexico,Mexico,NA,NA,NA,NA,NA,NA,NA,NA,bckpckbyz,,2,27,6,3412550
Mexico,2026/02/05,febrero_2026,39,"Luis Carrillo, Omar Camacho, Oscar Maydon",Luis Carrillo,Omar Camacho,Oscar Maydon,NA,NA,NA,NA,NA,NA,NA,Mexico,Mexico,Mexico,NA,NA,NA,NA,NA,NA,NA,Netflix and Chill,,8,34,10,3267784
Mexico,2026/02/05,febrero_2026,40,Victor Mendivil,Victor Mendivil,NA,NA,NA,NA,NA,NA,NA,NA,NA,Mexico,NA,NA,NA,NA,NA,NA,NA,NA,NA,Orula,,1,42,18,3131391
Mexico,2026/02/05,febrero_2026,41,Bad Bunny,Bad Bunny,NA,NA,NA,NA,NA,NA,NA,NA,NA,Puerto Rico,NA,NA,NA,NA,NA,NA,NA,NA,NA,EoO,,12,55,57,3081533
Mexico,2026/02/05,febrero_2026,42,"Luis R Conriquez, Fuerza Regida, Neton Vega",Luis R Conriquez,Fuerza Regida,Neton Vega,NA,NA,NA,NA,NA,NA,NA,Mexico,Mexico,Mexico,NA,NA,NA,NA,NA,NA,NA,Chula Vente,,2,38,28,3076559
Mexico,2026/02/05,febrero_2026,43,Victor Mendivil,Victor Mendivil,NA,NA,NA,NA,NA,NA,NA,NA,NA,Mexico,NA,NA,NA,NA,NA,NA,NA,NA,NA,GOET,,24,39,86,3021352
Mexico,2026/02/05,febrero_2026,44,"J Balvin, Bad Bunny",J Balvin,Bad Bunny,NA,NA,NA,NA,NA,NA,NA,NA,Colombia,Puerto Rico,NA,NA,NA,NA,NA,NA,NA,NA,LA CANCIÓN,,1,50,345,2992172
Mexico,2026/02/05,febrero_2026,45,Junior H,Junior H,NA,NA,NA,NA,NA,NA,NA,NA,NA,Mexico,NA,NA,NA,NA,NA,NA,NA,NA,NA,LAS NOCHES,,12,32,35,2991151
Mexico,2026/02/05,febrero_2026,46,Junior H,Junior H,NA,NA,NA,NA,NA,NA,NA,NA,NA,Mexico,NA,NA,NA,NA,NA,NA,NA,NA,NA,Extssy Model,,23,43,173,2990344
Mexico,2026/02/05,febrero_2026,47,Calle 24,Calle 24,NA,NA,NA,NA,NA,NA,NA,NA,NA,Mexico,NA,NA,NA,NA,NA,NA,NA,NA,NA,SUIZA,,4,45,41,2971881
Mexico,2026/02/05,febrero_2026,48,"Oscar Maydon, Fuerza Regida",Oscar Maydon,Fuerza Regida,NA,NA,NA,NA,NA,NA,NA,NA,Mexico,Mexico,NA,NA,NA,NA,NA,NA,NA,NA,Tu Boda,,1,48,71,2891568
Mexico,2026/02/05,febrero_2026,49,Neton Vega,Neton Vega,NA,NA,NA,NA,NA,NA,NA,NA,NA,Mexico,NA,NA,NA,NA,NA,NA,NA,NA,NA,/Turistico,,50,70,5,2832088
Mexico,2026/02/05,febrero_2026,50,"Luis R Conriquez, Neton Vega, Rey Quinto",Luis R Conriquez,Neton Vega,Rey Quinto,NA,NA,NA,NA,NA,NA,NA,Mexico,Mexico,Mexico,NA,NA,NA,NA,NA,NA,NA,Aguas,,51,-1,1,2808142
Mexico,2026/03/05,marzo_2026,1,"Peso Pluma, Tito Double P",Peso Pluma,Tito Double P,NA,NA,NA,NA,NA,NA,NA,NA,Mexico,Mexico,NA,NA,NA,NA,NA,NA,NA,NA,dopamina,,1,1,10,8907819
Mexico,2026/03/05,marzo_2026,2,Neton Vega,Neton Vega,NA,NA,NA,NA,NA,NA,NA,NA,NA,Mexico,NA,NA,NA,NA,NA,NA,NA,NA,NA,Pvta Luna,,1,3,23,8137304
Mexico,2026/03/05,marzo_2026,3,Lenin Ramírez,Lenin Ramírez,NA,NA,NA,NA,NA,NA,NA,NA,NA,Mexico,NA,NA,NA,NA,NA,NA,NA,NA,NA,Todo Lo Fue,,2,2,7,7864582
Mexico,2026/03/05,marzo_2026,4,"Peso Pluma, Tito Double P",Peso Pluma,Tito Double P,NA,NA,NA,NA,NA,NA,NA,NA,Mexico,Mexico,NA,NA,NA,NA,NA,NA,NA,NA,daño,,2,6,10,7832084
Mexico,2026/03/05,marzo_2026,5,"Peso Pluma, Tito Double P",Peso Pluma,Tito Double P,NA,NA,NA,NA,NA,NA,NA,NA,Mexico,Mexico,NA,NA,NA,NA,NA,NA,NA,NA,2026/03/07,,2,4,10,7827577
Mexico,2026/03/05,marzo_2026,6,Herencia De Grandes,Herencia De Grandes,NA,NA,NA,NA,NA,NA,NA,NA,NA,Mexico,NA,NA,NA,NA,NA,NA,NA,NA,NA,Ya Borracho,,4,5,16,7649958
Mexico,2026/03/05,marzo_2026,7,"Peso Pluma, Tito Double P, LENCHO",Peso Pluma,Tito Double P,LENCHO,NA,NA,NA,NA,NA,NA,NA,Mexico,Mexico,Mexico,NA,NA,NA,NA,NA,NA,NA,chiclona,,7,-1,1,6781037
Mexico,2026/03/05,marzo_2026,8,"El Bogueto, Anuel AA, Fuerza Regida, Yung Beef",El Bogueto,Anuel AA,Fuerza Regida,Yung Beef,NA,NA,NA,NA,NA,NA,Mexico,Puerto Rico,Mexico,España,NA,NA,NA,NA,NA,NA,Cuando No Era Cantante - Remix,,3,7,12,6533398
Mexico,2026/03/05,marzo_2026,9,Fuerza Regida,Fuerza Regida,NA,NA,NA,NA,NA,NA,NA,NA,NA,Mexico,NA,NA,NA,NA,NA,NA,NA,NA,NA,Marlboro Rojo,,1,10,44,6475108
Mexico,2026/03/05,marzo_2026,10,"Omar Camacho, Victor Mendivil",Omar Camacho,Victor Mendivil,NA,NA,NA,NA,NA,NA,NA,NA,Mexico,Mexico,NA,NA,NA,NA,NA,NA,NA,NA,2+2,,1,9,36,6152214
Mexico,2026/03/05,marzo_2026,11,"Omar Camacho, Victor Mendivil, Angel Almaguer, $HUPE",Omar Camacho,Victor Mendivil,Angel Almaguer,$HUPE,NA,NA,NA,NA,NA,NA,Mexico,Mexico,Mexico,Mexico,NA,NA,NA,NA,NA,NA,4x4,,5,8,7,5945731
Mexico,2026/03/05,marzo_2026,12,"Peso Pluma, Tito Double P, El Randal",Peso Pluma,Tito Double P,El Randal,NA,NA,NA,NA,NA,NA,NA,Mexico,Mexico,Mexico,NA,NA,NA,NA,NA,NA,NA,ganga,,12,-1,1,5739737
Mexico,2026/03/05,marzo_2026,13,Fuerza Regida,Fuerza Regida,NA,NA,NA,NA,NA,NA,NA,NA,NA,Mexico,NA,NA,NA,NA,NA,NA,NA,NA,NA,TU SANCHO,,1,14,44,5575823
Mexico,2026/03/05,marzo_2026,14,Fuerza Regida,Fuerza Regida,NA,NA,NA,NA,NA,NA,NA,NA,NA,Mexico,NA,NA,NA,NA,NA,NA,NA,NA,NA,CHAVALITAS,,2,17,38,5486696
Mexico,2026/03/05,marzo_2026,15,"BeatBoy, Victor Mendivil",BeatBoy,Victor Mendivil,NA,NA,NA,NA,NA,NA,NA,NA,Mexico,Mexico,NA,NA,NA,NA,NA,NA,NA,NA,Pase y Toque,,10,11,12,5463196
Mexico,2026/03/05,marzo_2026,16,"Peso Pluma, Tito Double P",Peso Pluma,Tito Double P,NA,NA,NA,NA,NA,NA,NA,NA,Mexico,Mexico,NA,NA,NA,NA,NA,NA,NA,NA,tu con el,,16,18,10,5420876
Mexico,2026/03/05,marzo_2026,17,"El Bogueto, Yung Beef",El Bogueto,Yung Beef,NA,NA,NA,NA,NA,NA,NA,NA,Mexico,España,NA,NA,NA,NA,NA,NA,NA,NA,Cuando No Era Cantante,,1,15,62,5368279
Mexico,2026/03/05,marzo_2026,18,Bad Bunny,Bad Bunny,NA,NA,NA,NA,NA,NA,NA,NA,NA,Puerto Rico,NA,NA,NA,NA,NA,NA,NA,NA,NA,BAILE INoLVIDABLE,,5,12,61,5321790
Mexico,2026/03/05,marzo_2026,19,Tito Double P,Tito Double P,NA,NA,NA,NA,NA,NA,NA,NA,NA,Mexico,NA,NA,NA,NA,NA,NA,NA,NA,NA,POR SUS BESOS,,1,16,34,5289074
Mexico,2026/03/05,marzo_2026,20,Chuyin,Chuyin,NA,NA,NA,NA,NA,NA,NA,NA,NA,Mexico,NA,NA,NA,NA,NA,NA,NA,NA,NA,PUES QUE LE HAGO ?,,19,22,8,5173511
Mexico,2026/03/05,marzo_2026,21,Bad Bunny,Bad Bunny,NA,NA,NA,NA,NA,NA,NA,NA,NA,Puerto Rico,NA,NA,NA,NA,NA,NA,NA,NA,NA,DtMF,,1,13,61,5049275
Mexico,2026/03/05,marzo_2026,22,"Peso Pluma, Tito Double P, Armenta",Peso Pluma,Tito Double P,Armenta,NA,NA,NA,NA,NA,NA,NA,Mexico,Mexico,Mexico,NA,NA,NA,NA,NA,NA,NA,london,,22,-1,1,4984907
Mexico,2026/03/05,marzo_2026,23,Junior H,Junior H,NA,NA,NA,NA,NA,NA,NA,NA,NA,Mexico,NA,NA,NA,NA,NA,NA,NA,NA,NA,MIENTRAS DUERMES,,8,23,69,4670068
Mexico,2026/03/05,marzo_2026,24,"Peso Pluma, Tito Double P",Peso Pluma,Tito Double P,NA,NA,NA,NA,NA,NA,NA,NA,Mexico,Mexico,NA,NA,NA,NA,NA,NA,NA,NA,ni pedo,,4,26,10,4629418
Mexico,2026/03/05,marzo_2026,25,"Junior H, Gael Valenzuela, Peso Pluma",Junior H,Gael Valenzuela,Peso Pluma,NA,NA,NA,NA,NA,NA,NA,Mexico,Mexico,Mexico,NA,NA,NA,NA,NA,NA,NA,DROGA LETAL,,10,20,3,4557620
Mexico,2026/03/05,marzo_2026,26,"Régulo Molina, Oscar Maydon, Neton Vega",Régulo Molina,Oscar Maydon,Neton Vega,NA,NA,NA,NA,NA,NA,NA,Mexico,Mexico,Mexico,NA,NA,NA,NA,NA,NA,NA,Canasteo,,6,21,7,4460255
Mexico,2026/03/05,marzo_2026,27,Bad Bunny,Bad Bunny,NA,NA,NA,NA,NA,NA,NA,NA,NA,Puerto Rico,NA,NA,NA,NA,NA,NA,NA,NA,NA,EoO,,12,19,61,4398553
Mexico,2026/03/05,marzo_2026,28,Fuerza Regida,Fuerza Regida,NA,NA,NA,NA,NA,NA,NA,NA,NA,Mexico,NA,NA,NA,NA,NA,NA,NA,NA,NA,ANSIEDAD,,7,27,44,4379652
Mexico,2026/03/05,marzo_2026,29,Virlan Garcia,Virlan Garcia,NA,NA,NA,NA,NA,NA,NA,NA,NA,Mexico,NA,NA,NA,NA,NA,NA,NA,NA,NA,Mi Entorno,,7,25,20,4241818
Mexico,2026/03/05,marzo_2026,30,Moy Bobadilla,Moy Bobadilla,NA,NA,NA,NA,NA,NA,NA,NA,NA,Mexico,NA,NA,NA,NA,NA,NA,NA,NA,NA,Tus Mentiras (En Vivo),,29,29,11,4088193
Mexico,2026/03/05,marzo_2026,31,"Fuerza Regida, Grupo Frontera",Fuerza Regida,Grupo Frontera,NA,NA,NA,NA,NA,NA,NA,NA,Mexico,Mexico,NA,NA,NA,NA,NA,NA,NA,NA,COQUETA,,15,28,63,4054148
Mexico,2026/03/05,marzo_2026,32,Fuerza Regida,Fuerza Regida,NA,NA,NA,NA,NA,NA,NA,NA,NA,Mexico,NA,NA,NA,NA,NA,NA,NA,NA,NA,caperuza,,21,30,44,4040313
Mexico,2026/03/05,marzo_2026,33,La Arrolladora Banda El Limón De Rene Camacho,La Arrolladora Banda El Limón De Rene Camacho,NA,NA,NA,NA,NA,NA,NA,NA,NA,Mexico,NA,NA,NA,NA,NA,NA,NA,NA,NA,El Final De Nuestra Historia,,16,35,142,3913264
Mexico,2026/03/05,marzo_2026,34,"Peso Pluma, Tito Double P",Peso Pluma,Tito Double P,NA,NA,NA,NA,NA,NA,NA,NA,Mexico,Mexico,NA,NA,NA,NA,NA,NA,NA,NA,putielegante,,12,34,10,3870798
Mexico,2026/03/05,marzo_2026,35,Los Alegres Del Barranco,Los Alegres Del Barranco,NA,NA,NA,NA,NA,NA,NA,NA,NA,Mexico,NA,NA,NA,NA,NA,NA,NA,NA,NA,El Del Palenque,,35,52,18,3868101
Mexico,2026/03/05,marzo_2026,36,Bad Bunny,Bad Bunny,NA,NA,NA,NA,NA,NA,NA,NA,NA,Puerto Rico,NA,NA,NA,NA,NA,NA,NA,NA,NA,NUEVAYoL,,11,24,61,3846612
Mexico,2026/03/05,marzo_2026,37,"Natanael Cano, Gabito Ballesteros",Natanael Cano,Gabito Ballesteros,NA,NA,NA,NA,NA,NA,NA,NA,Mexico,Mexico,NA,NA,NA,NA,NA,NA,NA,NA,Perlas Negras,,1,38,36,3585482
Mexico,2026/03/05,marzo_2026,38,"Junior H, Gael Valenzuela",Junior H,Gael Valenzuela,NA,NA,NA,NA,NA,NA,NA,NA,Mexico,Mexico,NA,NA,NA,NA,NA,NA,NA,NA,DEMENCIA,,32,32,3,3525782
Mexico,2026/03/05,marzo_2026,39,"Peso Pluma, Tito Double P, Rey Quinto",Peso Pluma,Tito Double P,Rey Quinto,NA,NA,NA,NA,NA,NA,NA,Mexico,Mexico,Mexico,NA,NA,NA,NA,NA,NA,NA,marianita,,39,-1,1,3507710
Mexico,2026/03/05,marzo_2026,40,Junior H,Junior H,NA,NA,NA,NA,NA,NA,NA,NA,NA,Mexico,NA,NA,NA,NA,NA,NA,NA,NA,NA,Y LLORO,,5,37,126,3484867
Mexico,2026/03/05,marzo_2026,41,"Peso Pluma, Tito Double P",Peso Pluma,Tito Double P,NA,NA,NA,NA,NA,NA,NA,NA,Mexico,Mexico,NA,NA,NA,NA,NA,NA,NA,NA,intro,,8,47,15,3458987
Mexico,2026/03/05,marzo_2026,42,"J Balvin, Bad Bunny",J Balvin,Bad Bunny,NA,NA,NA,NA,NA,NA,NA,NA,Colombia,Puerto Rico,NA,NA,NA,NA,NA,NA,NA,NA,LA CANCIÓN,,1,36,349,3408991
Mexico,2026/03/05,marzo_2026,43,Junior H,Junior H,NA,NA,NA,NA,NA,NA,NA,NA,NA,Mexico,NA,NA,NA,NA,NA,NA,NA,NA,NA,LAS NOCHES,,12,41,39,3359052
Mexico,2026/03/05,marzo_2026,44,Emmanuel Cortes,Emmanuel Cortes,NA,NA,NA,NA,NA,NA,NA,NA,NA,Mexico,NA,NA,NA,NA,NA,NA,NA,NA,NA,Amor,,17,46,90,3288036
Mexico,2026/03/05,marzo_2026,45,"Omar Camacho, Oscar Maydon",Omar Camacho,Oscar Maydon,NA,NA,NA,NA,NA,NA,NA,NA,Mexico,Mexico,NA,NA,NA,NA,NA,NA,NA,NA,La Ciudad del Sol,,11,40,28,3260154
Mexico,2026/03/05,marzo_2026,46,Ian Cordova,Ian Cordova,NA,NA,NA,NA,NA,NA,NA,NA,NA,Mexico,NA,NA,NA,NA,NA,NA,NA,NA,NA,Te Amo y Me Amas,,21,43,20,3162856
Mexico,2026/03/05,marzo_2026,47,Danny Ocean,Danny Ocean,NA,NA,NA,NA,NA,NA,NA,NA,NA,Venezuela,NA,NA,NA,NA,NA,NA,NA,NA,NA,Me Rehúso,,1,54,467,3131114
Mexico,2026/03/05,marzo_2026,48,Junior H,Junior H,NA,NA,NA,NA,NA,NA,NA,NA,NA,Mexico,NA,NA,NA,NA,NA,NA,NA,NA,NA,PIÉNSALO,,9,50,88,3122746
Mexico,2026/03/05,marzo_2026,49,Bad Bunny,Bad Bunny,NA,NA,NA,NA,NA,NA,NA,NA,NA,Puerto Rico,NA,NA,NA,NA,NA,NA,NA,NA,NA,Tití Me Preguntó,,2,33,80,3114608
Mexico,2026/03/05,marzo_2026,50,"Rauw Alejandro, Bad Bunny",Rauw Alejandro,Bad Bunny,NA,NA,NA,NA,NA,NA,NA,NA,Puerto Rico,Puerto Rico,NA,NA,NA,NA,NA,NA,NA,NA,Qué Pasaría...,,9,39,68,3099297
Mexico,2026/04/09,abril_2026,1,"Peso Pluma, Tito Double P",Peso Pluma,Tito Double P,NA,NA,NA,NA,NA,NA,NA,NA,Mexico,Mexico,NA,NA,NA,NA,NA,NA,NA,NA,daño,,1,2,15,7379412
Mexico,2026/04/09,abril_2026,2,"Peso Pluma, Tito Double P",Peso Pluma,Tito Double P,NA,NA,NA,NA,NA,NA,NA,NA,Mexico,Mexico,NA,NA,NA,NA,NA,NA,NA,NA,dopamina,,1,1,15,7152991
Mexico,2026/04/09,abril_2026,3,Neton Vega,Neton Vega,NA,NA,NA,NA,NA,NA,NA,NA,NA,Mexico,NA,NA,NA,NA,NA,NA,NA,NA,NA,Pvta Luna,,1,3,28,6959582
Mexico,2026/04/09,abril_2026,4,BTS,BTS,NA,NA,NA,NA,NA,NA,NA,NA,NA,Corea del Sur,NA,NA,NA,NA,NA,NA,NA,NA,NA,SWIM,,4,4,3,6414071
Mexico,2026/04/09,abril_2026,5,"Peso Pluma, Tito Double P",Peso Pluma,Tito Double P,NA,NA,NA,NA,NA,NA,NA,NA,Mexico,Mexico,NA,NA,NA,NA,NA,NA,NA,NA,2026/03/07,,2,5,15,5888155
Mexico,2026/04/09,abril_2026,6,"Peso Pluma, Tito Double P, LENCHO",Peso Pluma,Tito Double P,LENCHO,NA,NA,NA,NA,NA,NA,NA,Mexico,Mexico,Mexico,NA,NA,NA,NA,NA,NA,NA,chiclona,,4,7,6,5659369
Mexico,2026/04/09,abril_2026,7,Lenin Ramírez,Lenin Ramírez,NA,NA,NA,NA,NA,NA,NA,NA,NA,Mexico,NA,NA,NA,NA,NA,NA,NA,NA,NA,Todo Lo Fue,,2,6,12,5644050
Mexico,2026/04/09,abril_2026,8,Herencia De Grandes,Herencia De Grandes,NA,NA,NA,NA,NA,NA,NA,NA,NA,Mexico,NA,NA,NA,NA,NA,NA,NA,NA,NA,Ya Borracho,,4,8,21,5331816
Mexico,2026/04/09,abril_2026,9,"Omar Camacho, Victor Mendivil",Omar Camacho,Victor Mendivil,NA,NA,NA,NA,NA,NA,NA,NA,Mexico,Mexico,NA,NA,NA,NA,NA,NA,NA,NA,2+2,,1,9,41,5242595
Mexico,2026/04/09,abril_2026,10,"Peso Pluma, Tito Double P",Peso Pluma,Tito Double P,NA,NA,NA,NA,NA,NA,NA,NA,Mexico,Mexico,NA,NA,NA,NA,NA,NA,NA,NA,tu con el,,10,10,15,4895950
Mexico,2026/04/09,abril_2026,11,Fuerza Regida,Fuerza Regida,NA,NA,NA,NA,NA,NA,NA,NA,NA,Mexico,NA,NA,NA,NA,NA,NA,NA,NA,NA,Marlboro Rojo,,1,12,49,4691182
Mexico,2026/04/09,abril_2026,12,"Omar Camacho, Victor Mendivil, Angel Almaguer, $HUPE",Omar Camacho,Victor Mendivil,Angel Almaguer,$HUPE,NA,NA,NA,NA,NA,NA,Mexico,Mexico,Mexico,Mexico,NA,NA,NA,NA,NA,NA,4x4,,5,11,12,4320530
Mexico,2026/04/09,abril_2026,13,Fuerza Regida,Fuerza Regida,NA,NA,NA,NA,NA,NA,NA,NA,NA,Mexico,NA,NA,NA,NA,NA,NA,NA,NA,NA,TU SANCHO,,1,18,49,4267886
Mexico,2026/04/09,abril_2026,14,"El Bogueto, Anuel AA, Fuerza Regida, Yung Beef",El Bogueto,Anuel AA,Fuerza Regida,Yung Beef,NA,NA,NA,NA,NA,NA,Mexico,Puerto Rico,Mexico,España,NA,NA,NA,NA,NA,NA,Cuando No Era Cantante - Remix,,3,14,17,4173771
Mexico,2026/04/09,abril_2026,15,Chuyin,Chuyin,NA,NA,NA,NA,NA,NA,NA,NA,NA,Mexico,NA,NA,NA,NA,NA,NA,NA,NA,NA,PUES QUE LE HAGO ?,,13,13,13,4169523
Mexico,2026/04/09,abril_2026,16,"Junior H, Gael Valenzuela, Peso Pluma",Junior H,Gael Valenzuela,Peso Pluma,NA,NA,NA,NA,NA,NA,NA,Mexico,Mexico,Mexico,NA,NA,NA,NA,NA,NA,NA,DROGA LETAL,,10,33,8,4035214
Mexico,2026/04/09,abril_2026,17,Tito Double P,Tito Double P,NA,NA,NA,NA,NA,NA,NA,NA,NA,Mexico,NA,NA,NA,NA,NA,NA,NA,NA,NA,POR SUS BESOS,,1,15,39,3883180
Mexico,2026/04/09,abril_2026,18,Junior H,Junior H,NA,NA,NA,NA,NA,NA,NA,NA,NA,Mexico,NA,NA,NA,NA,NA,NA,NA,NA,NA,MIENTRAS DUERMES,,8,16,74,3777533
Mexico,2026/04/09,abril_2026,19,Fuerza Regida,Fuerza Regida,NA,NA,NA,NA,NA,NA,NA,NA,NA,Mexico,NA,NA,NA,NA,NA,NA,NA,NA,NA,CHAVALITAS,,2,22,43,3767070
Mexico,2026/04/09,abril_2026,20,Fuerza Regida,Fuerza Regida,NA,NA,NA,NA,NA,NA,NA,NA,NA,Mexico,NA,NA,NA,NA,NA,NA,NA,NA,NA,caperuza,,20,24,49,3721969
Mexico,2026/04/09,abril_2026,21,"El Bogueto, Yung Beef",El Bogueto,Yung Beef,NA,NA,NA,NA,NA,NA,NA,NA,Mexico,España,NA,NA,NA,NA,NA,NA,NA,NA,Cuando No Era Cantante,,1,17,67,3672227
Mexico,2026/04/09,abril_2026,22,"BeatBoy, Victor Mendivil",BeatBoy,Victor Mendivil,NA,NA,NA,NA,NA,NA,NA,NA,Mexico,Mexico,NA,NA,NA,NA,NA,NA,NA,NA,Pase y Toque,,10,19,17,3664016
Mexico,2026/04/09,abril_2026,23,"Junior H, Gael Valenzuela",Junior H,Gael Valenzuela,NA,NA,NA,NA,NA,NA,NA,NA,Mexico,Mexico,NA,NA,NA,NA,NA,NA,NA,NA,DEMENCIA,,23,40,8,3651225
Mexico,2026/04/09,abril_2026,24,Neton Vega,Neton Vega,NA,NA,NA,NA,NA,NA,NA,NA,NA,Mexico,NA,NA,NA,NA,NA,NA,NA,NA,NA,Nalguita y Teta,,24,180,2,3632870
Mexico,2026/04/09,abril_2026,25,Bad Bunny,Bad Bunny,NA,NA,NA,NA,NA,NA,NA,NA,NA,Puerto Rico,NA,NA,NA,NA,NA,NA,NA,NA,NA,BAILE INoLVIDABLE,,5,21,66,3574731
Mexico,2026/04/09,abril_2026,26,Fuerza Regida,Fuerza Regida,NA,NA,NA,NA,NA,NA,NA,NA,NA,Mexico,NA,NA,NA,NA,NA,NA,NA,NA,NA,ANSIEDAD,,7,25,49,3528313
Mexico,2026/04/09,abril_2026,27,"Peso Pluma, Tito Double P",Peso Pluma,Tito Double P,NA,NA,NA,NA,NA,NA,NA,NA,Mexico,Mexico,NA,NA,NA,NA,NA,NA,NA,NA,ni pedo,,4,20,15,3499403
Mexico,2026/04/09,abril_2026,28,Emmanuel Cortes,Emmanuel Cortes,NA,NA,NA,NA,NA,NA,NA,NA,NA,Mexico,NA,NA,NA,NA,NA,NA,NA,NA,NA,Amor,,17,28,95,3477280
Mexico,2026/04/09,abril_2026,29,La Arrolladora Banda El Limón De Rene Camacho,La Arrolladora Banda El Limón De Rene Camacho,NA,NA,NA,NA,NA,NA,NA,NA,NA,Mexico,NA,NA,NA,NA,NA,NA,NA,NA,NA,El Final De Nuestra Historia,,16,26,147,3424558
Mexico,2026/04/09,abril_2026,30,"Fuerza Regida, Grupo Frontera",Fuerza Regida,Grupo Frontera,NA,NA,NA,NA,NA,NA,NA,NA,Mexico,Mexico,NA,NA,NA,NA,NA,NA,NA,NA,COQUETA,,15,29,68,3397775
Mexico,2026/04/09,abril_2026,31,Bad Bunny,Bad Bunny,NA,NA,NA,NA,NA,NA,NA,NA,NA,Puerto Rico,NA,NA,NA,NA,NA,NA,NA,NA,NA,DtMF,,1,35,66,3283749
Mexico,2026/04/09,abril_2026,32,LOS DOS DE TAMAULIPAS,LOS DOS DE TAMAULIPAS,NA,NA,NA,NA,NA,NA,NA,NA,NA,Mexico,NA,NA,NA,NA,NA,NA,NA,NA,NA,Ayúdame,,32,181,2,3279567
Mexico,2026/04/09,abril_2026,33,Moy Bobadilla,Moy Bobadilla,NA,NA,NA,NA,NA,NA,NA,NA,NA,Mexico,NA,NA,NA,NA,NA,NA,NA,NA,NA,Tus Mentiras (En Vivo),,29,30,16,3275650
Mexico,2026/04/09,abril_2026,34,Junior H,Junior H,NA,NA,NA,NA,NA,NA,NA,NA,NA,Mexico,NA,NA,NA,NA,NA,NA,NA,NA,NA,Y LLORO,,5,31,131,3269522
Mexico,2026/04/09,abril_2026,35,Virlan Garcia,Virlan Garcia,NA,NA,NA,NA,NA,NA,NA,NA,NA,Mexico,NA,NA,NA,NA,NA,NA,NA,NA,NA,Mi Entorno,,7,23,25,3259386
Mexico,2026/04/09,abril_2026,36,"Régulo Molina, Oscar Maydon, Neton Vega",Régulo Molina,Oscar Maydon,Neton Vega,NA,NA,NA,NA,NA,NA,NA,Mexico,Mexico,Mexico,NA,NA,NA,NA,NA,NA,NA,Canasteo,,6,27,12,3250615
Mexico,2026/04/09,abril_2026,37,"Peso Pluma, Tito Double P, El Randal",Peso Pluma,Tito Double P,El Randal,NA,NA,NA,NA,NA,NA,NA,Mexico,Mexico,Mexico,NA,NA,NA,NA,NA,NA,NA,ganga,,12,32,6,3194913
Mexico,2026/04/09,abril_2026,38,"Natanael Cano, Gabito Ballesteros",Natanael Cano,Gabito Ballesteros,NA,NA,NA,NA,NA,NA,NA,NA,Mexico,Mexico,NA,NA,NA,NA,NA,NA,NA,NA,Perlas Negras,,1,37,41,3047379
Mexico,2026/04/09,abril_2026,39,BTS,BTS,NA,NA,NA,NA,NA,NA,NA,NA,NA,Corea del Sur,NA,NA,NA,NA,NA,NA,NA,NA,NA,Body to Body,,15,34,3,3021883
Mexico,2026/04/09,abril_2026,40,Danny Ocean,Danny Ocean,NA,NA,NA,NA,NA,NA,NA,NA,NA,Venezuela,NA,NA,NA,NA,NA,NA,NA,NA,NA,Me Rehúso,,1,50,472,2932855
Mexico,2026/04/09,abril_2026,41,Aitana,Aitana,NA,NA,NA,NA,NA,NA,NA,NA,NA,España,NA,NA,NA,NA,NA,NA,NA,NA,NA,SUPERESTRELLA,,41,42,6,2916189
Mexico,2026/04/09,abril_2026,42,Junior H,Junior H,NA,NA,NA,NA,NA,NA,NA,NA,NA,Mexico,NA,NA,NA,NA,NA,NA,NA,NA,NA,LAS NOCHES,,12,36,44,2904614
Mexico,2026/04/09,abril_2026,43,BTS,BTS,NA,NA,NA,NA,NA,NA,NA,NA,NA,Corea del Sur,NA,NA,NA,NA,NA,NA,NA,NA,NA,2.0,,34,48,3,2858957
Mexico,2026/04/09,abril_2026,44,Bad Bunny,Bad Bunny,NA,NA,NA,NA,NA,NA,NA,NA,NA,Puerto Rico,NA,NA,NA,NA,NA,NA,NA,NA,NA,EoO,,12,38,66,2830895
Mexico,2026/04/09,abril_2026,45,BTS,BTS,NA,NA,NA,NA,NA,NA,NA,NA,NA,Corea del Sur,NA,NA,NA,NA,NA,NA,NA,NA,NA,Hooligan,,22,39,3,2755619
Mexico,2026/04/09,abril_2026,46,"Gabito Ballesteros, Victor Mendivil",Gabito Ballesteros,Victor Mendivil,NA,NA,NA,NA,NA,NA,NA,NA,Mexico,Mexico,NA,NA,NA,NA,NA,NA,NA,NA,Mi Niña,,46,-1,1,2749426
Mexico,2026/04/09,abril_2026,47,Junior H,Junior H,NA,NA,NA,NA,NA,NA,NA,NA,NA,Mexico,NA,NA,NA,NA,NA,NA,NA,NA,NA,PIÉNSALO,,9,49,93,2648843
Mexico,2026/04/09,abril_2026,48,"Peso Pluma, Tito Double P",Peso Pluma,Tito Double P,NA,NA,NA,NA,NA,NA,NA,NA,Mexico,Mexico,NA,NA,NA,NA,NA,NA,NA,NA,putielegante,,12,41,15,2643496
Mexico,2026/04/09,abril_2026,49,"Omar Camacho, Oscar Maydon",Omar Camacho,Oscar Maydon,NA,NA,NA,NA,NA,NA,NA,NA,Mexico,Mexico,NA,NA,NA,NA,NA,NA,NA,NA,La Ciudad del Sol,,11,44,33,2615489
Mexico,2026/04/09,abril_2026,50,Fuerza Regida,Fuerza Regida,NA,NA,NA,NA,NA,NA,NA,NA,NA,Mexico,NA,NA,NA,NA,NA,NA,NA,NA,NA,EXCESOS,,38,71,93,2598176
